_step,train/loss,train/reward,train/reward_std,train/rewards/combined_reward/mean,train/clip_ratio/high_mean,run_id,run_label,phase,family
0,,,,,,pxowg7x7,AOS-Qwen3-8B (GRPO Ensemble),GRPO,aos-qwen3
1,,,,,,pxowg7x7,AOS-Qwen3-8B (GRPO Ensemble),GRPO,aos-qwen3
2,,,,,,pxowg7x7,AOS-Qwen3-8B (GRPO Ensemble),GRPO,aos-qwen3
3,,,,,,pxowg7x7,AOS-Qwen3-8B (GRPO Ensemble),GRPO,aos-qwen3
4,,,,,,pxowg7x7,AOS-Qwen3-8B (GRPO Ensemble),GRPO,aos-qwen3
5,,,,,,pxowg7x7,AOS-Qwen3-8B (GRPO Ensemble),GRPO,aos-qwen3
6,,,,,,pxowg7x7,AOS-Qwen3-8B (GRPO Ensemble),GRPO,aos-qwen3
7,,,,,,pxowg7x7,AOS-Qwen3-8B (GRPO Ensemble),GRPO,aos-qwen3
8,,,,,,pxowg7x7,AOS-Qwen3-8B (GRPO Ensemble),GRPO,aos-qwen3
9,,,,,,pxowg7x7,AOS-Qwen3-8B (GRPO Ensemble),GRPO,aos-qwen3
10,,,,,,pxowg7x7,AOS-Qwen3-8B (GRPO Ensemble),GRPO,aos-qwen3
11,,,,,,pxowg7x7,AOS-Qwen3-8B (GRPO Ensemble),GRPO,aos-qwen3
12,,,,,,pxowg7x7,AOS-Qwen3-8B (GRPO Ensemble),GRPO,aos-qwen3
13,,,,,,pxowg7x7,AOS-Qwen3-8B (GRPO Ensemble),GRPO,aos-qwen3
14,,,,,,pxowg7x7,AOS-Qwen3-8B (GRPO Ensemble),GRPO,aos-qwen3
15,,,,,,pxowg7x7,AOS-Qwen3-8B (GRPO Ensemble),GRPO,aos-qwen3
16,,,,,,pxowg7x7,AOS-Qwen3-8B (GRPO Ensemble),GRPO,aos-qwen3
17,,,,,,pxowg7x7,AOS-Qwen3-8B (GRPO Ensemble),GRPO,aos-qwen3
18,,,,,,pxowg7x7,AOS-Qwen3-8B (GRPO Ensemble),GRPO,aos-qwen3
19,,,,,,pxowg7x7,AOS-Qwen3-8B (GRPO Ensemble),GRPO,aos-qwen3
20,,,,,,pxowg7x7,AOS-Qwen3-8B (GRPO Ensemble),GRPO,aos-qwen3
21,,,,,,pxowg7x7,AOS-Qwen3-8B (GRPO Ensemble),GRPO,aos-qwen3
22,,,,,,pxowg7x7,AOS-Qwen3-8B (GRPO Ensemble),GRPO,aos-qwen3
23,,,,,,pxowg7x7,AOS-Qwen3-8B (GRPO Ensemble),GRPO,aos-qwen3
24,,,,,,pxowg7x7,AOS-Qwen3-8B (GRPO Ensemble),GRPO,aos-qwen3
25,,,,,,pxowg7x7,AOS-Qwen3-8B (GRPO Ensemble),GRPO,aos-qwen3
26,,,,,,pxowg7x7,AOS-Qwen3-8B (GRPO Ensemble),GRPO,aos-qwen3
27,,,,,,pxowg7x7,AOS-Qwen3-8B (GRPO Ensemble),GRPO,aos-qwen3
28,,,,,,pxowg7x7,AOS-Qwen3-8B (GRPO Ensemble),GRPO,aos-qwen3
29,,,,,,pxowg7x7,AOS-Qwen3-8B (GRPO Ensemble),GRPO,aos-qwen3
30,,,,,,pxowg7x7,AOS-Qwen3-8B (GRPO Ensemble),GRPO,aos-qwen3
31,,,,,,pxowg7x7,AOS-Qwen3-8B (GRPO Ensemble),GRPO,aos-qwen3
32,,,,,,pxowg7x7,AOS-Qwen3-8B (GRPO Ensemble),GRPO,aos-qwen3
33,,,,,,pxowg7x7,AOS-Qwen3-8B (GRPO Ensemble),GRPO,aos-qwen3
34,,,,,,pxowg7x7,AOS-Qwen3-8B (GRPO Ensemble),GRPO,aos-qwen3
35,,,,,,pxowg7x7,AOS-Qwen3-8B (GRPO Ensemble),GRPO,aos-qwen3
36,,,,,,pxowg7x7,AOS-Qwen3-8B (GRPO Ensemble),GRPO,aos-qwen3
37,,,,,,pxowg7x7,AOS-Qwen3-8B (GRPO Ensemble),GRPO,aos-qwen3
38,,,,,,pxowg7x7,AOS-Qwen3-8B (GRPO Ensemble),GRPO,aos-qwen3
39,,,,,,pxowg7x7,AOS-Qwen3-8B (GRPO Ensemble),GRPO,aos-qwen3
40,,,,,,pxowg7x7,AOS-Qwen3-8B (GRPO Ensemble),GRPO,aos-qwen3
41,,,,,,pxowg7x7,AOS-Qwen3-8B (GRPO Ensemble),GRPO,aos-qwen3
42,,,,,,pxowg7x7,AOS-Qwen3-8B (GRPO Ensemble),GRPO,aos-qwen3
43,,,,,,pxowg7x7,AOS-Qwen3-8B (GRPO Ensemble),GRPO,aos-qwen3
44,,,,,,pxowg7x7,AOS-Qwen3-8B (GRPO Ensemble),GRPO,aos-qwen3
45,,,,,,pxowg7x7,AOS-Qwen3-8B (GRPO Ensemble),GRPO,aos-qwen3
46,,,,,,pxowg7x7,AOS-Qwen3-8B (GRPO Ensemble),GRPO,aos-qwen3
47,,,,,,pxowg7x7,AOS-Qwen3-8B (GRPO Ensemble),GRPO,aos-qwen3
48,,,,,,pxowg7x7,AOS-Qwen3-8B (GRPO Ensemble),GRPO,aos-qwen3
49,,,,,,pxowg7x7,AOS-Qwen3-8B (GRPO Ensemble),GRPO,aos-qwen3
50,,,,,,pxowg7x7,AOS-Qwen3-8B (GRPO Ensemble),GRPO,aos-qwen3
51,,,,,,pxowg7x7,AOS-Qwen3-8B (GRPO Ensemble),GRPO,aos-qwen3
52,,,,,,pxowg7x7,AOS-Qwen3-8B (GRPO Ensemble),GRPO,aos-qwen3
53,,,,,,pxowg7x7,AOS-Qwen3-8B (GRPO Ensemble),GRPO,aos-qwen3
54,,,,,,pxowg7x7,AOS-Qwen3-8B (GRPO Ensemble),GRPO,aos-qwen3
55,,,,,,pxowg7x7,AOS-Qwen3-8B (GRPO Ensemble),GRPO,aos-qwen3
56,,,,,,pxowg7x7,AOS-Qwen3-8B (GRPO Ensemble),GRPO,aos-qwen3
57,,,,,,pxowg7x7,AOS-Qwen3-8B (GRPO Ensemble),GRPO,aos-qwen3
58,,,,,,pxowg7x7,AOS-Qwen3-8B (GRPO Ensemble),GRPO,aos-qwen3
59,,,,,,pxowg7x7,AOS-Qwen3-8B (GRPO Ensemble),GRPO,aos-qwen3
60,,,,,,pxowg7x7,AOS-Qwen3-8B (GRPO Ensemble),GRPO,aos-qwen3
61,,,,,,pxowg7x7,AOS-Qwen3-8B (GRPO Ensemble),GRPO,aos-qwen3
62,,,,,,pxowg7x7,AOS-Qwen3-8B (GRPO Ensemble),GRPO,aos-qwen3
63,,,,,,pxowg7x7,AOS-Qwen3-8B (GRPO Ensemble),GRPO,aos-qwen3
64,,,,,,pxowg7x7,AOS-Qwen3-8B (GRPO Ensemble),GRPO,aos-qwen3
65,,,,,,pxowg7x7,AOS-Qwen3-8B (GRPO Ensemble),GRPO,aos-qwen3
66,,,,,,pxowg7x7,AOS-Qwen3-8B (GRPO Ensemble),GRPO,aos-qwen3
67,,,,,,pxowg7x7,AOS-Qwen3-8B (GRPO Ensemble),GRPO,aos-qwen3
68,,,,,,pxowg7x7,AOS-Qwen3-8B (GRPO Ensemble),GRPO,aos-qwen3
69,,,,,,pxowg7x7,AOS-Qwen3-8B (GRPO Ensemble),GRPO,aos-qwen3
70,-0.0094,0.36850821077823637,0.0588449333794415,0.36850821077823637,0.0,pxowg7x7,AOS-Qwen3-8B (GRPO Ensemble),GRPO,aos-qwen3
71,,,,,,pxowg7x7,AOS-Qwen3-8B (GRPO Ensemble),GRPO,aos-qwen3
72,,,,,,pxowg7x7,AOS-Qwen3-8B (GRPO Ensemble),GRPO,aos-qwen3
73,,,,,,pxowg7x7,AOS-Qwen3-8B (GRPO Ensemble),GRPO,aos-qwen3
74,,,,,,pxowg7x7,AOS-Qwen3-8B (GRPO Ensemble),GRPO,aos-qwen3
75,,,,,,pxowg7x7,AOS-Qwen3-8B (GRPO Ensemble),GRPO,aos-qwen3
76,,,,,,pxowg7x7,AOS-Qwen3-8B (GRPO Ensemble),GRPO,aos-qwen3
77,,,,,,pxowg7x7,AOS-Qwen3-8B (GRPO Ensemble),GRPO,aos-qwen3
78,,,,,,pxowg7x7,AOS-Qwen3-8B (GRPO Ensemble),GRPO,aos-qwen3
79,,,,,,pxowg7x7,AOS-Qwen3-8B (GRPO Ensemble),GRPO,aos-qwen3
80,,,,,,pxowg7x7,AOS-Qwen3-8B (GRPO Ensemble),GRPO,aos-qwen3
81,,,,,,pxowg7x7,AOS-Qwen3-8B (GRPO Ensemble),GRPO,aos-qwen3
82,,,,,,pxowg7x7,AOS-Qwen3-8B (GRPO Ensemble),GRPO,aos-qwen3
83,,,,,,pxowg7x7,AOS-Qwen3-8B (GRPO Ensemble),GRPO,aos-qwen3
84,,,,,,pxowg7x7,AOS-Qwen3-8B (GRPO Ensemble),GRPO,aos-qwen3
85,,,,,,pxowg7x7,AOS-Qwen3-8B (GRPO Ensemble),GRPO,aos-qwen3
86,,,,,,pxowg7x7,AOS-Qwen3-8B (GRPO Ensemble),GRPO,aos-qwen3
87,,,,,,pxowg7x7,AOS-Qwen3-8B (GRPO Ensemble),GRPO,aos-qwen3
88,,,,,,pxowg7x7,AOS-Qwen3-8B (GRPO Ensemble),GRPO,aos-qwen3
89,,,,,,pxowg7x7,AOS-Qwen3-8B (GRPO Ensemble),GRPO,aos-qwen3
90,,,,,,pxowg7x7,AOS-Qwen3-8B (GRPO Ensemble),GRPO,aos-qwen3
91,,,,,,pxowg7x7,AOS-Qwen3-8B (GRPO Ensemble),GRPO,aos-qwen3
92,,,,,,pxowg7x7,AOS-Qwen3-8B (GRPO Ensemble),GRPO,aos-qwen3
93,,,,,,pxowg7x7,AOS-Qwen3-8B (GRPO Ensemble),GRPO,aos-qwen3
94,,,,,,pxowg7x7,AOS-Qwen3-8B (GRPO Ensemble),GRPO,aos-qwen3
95,,,,,,pxowg7x7,AOS-Qwen3-8B (GRPO Ensemble),GRPO,aos-qwen3
96,,,,,,pxowg7x7,AOS-Qwen3-8B (GRPO Ensemble),GRPO,aos-qwen3
97,,,,,,pxowg7x7,AOS-Qwen3-8B (GRPO Ensemble),GRPO,aos-qwen3
98,,,,,,pxowg7x7,AOS-Qwen3-8B (GRPO Ensemble),GRPO,aos-qwen3
99,,,,,,pxowg7x7,AOS-Qwen3-8B (GRPO Ensemble),GRPO,aos-qwen3
100,,,,,,pxowg7x7,AOS-Qwen3-8B (GRPO Ensemble),GRPO,aos-qwen3
101,,,,,,pxowg7x7,AOS-Qwen3-8B (GRPO Ensemble),GRPO,aos-qwen3
102,,,,,,pxowg7x7,AOS-Qwen3-8B (GRPO Ensemble),GRPO,aos-qwen3
103,,,,,,pxowg7x7,AOS-Qwen3-8B (GRPO Ensemble),GRPO,aos-qwen3
104,,,,,,pxowg7x7,AOS-Qwen3-8B (GRPO Ensemble),GRPO,aos-qwen3
105,,,,,,pxowg7x7,AOS-Qwen3-8B (GRPO Ensemble),GRPO,aos-qwen3
106,,,,,,pxowg7x7,AOS-Qwen3-8B (GRPO Ensemble),GRPO,aos-qwen3
107,,,,,,pxowg7x7,AOS-Qwen3-8B (GRPO Ensemble),GRPO,aos-qwen3
108,,,,,,pxowg7x7,AOS-Qwen3-8B (GRPO Ensemble),GRPO,aos-qwen3
109,,,,,,pxowg7x7,AOS-Qwen3-8B (GRPO Ensemble),GRPO,aos-qwen3
110,,,,,,pxowg7x7,AOS-Qwen3-8B (GRPO Ensemble),GRPO,aos-qwen3
111,,,,,,pxowg7x7,AOS-Qwen3-8B (GRPO Ensemble),GRPO,aos-qwen3
112,,,,,,pxowg7x7,AOS-Qwen3-8B (GRPO Ensemble),GRPO,aos-qwen3
113,,,,,,pxowg7x7,AOS-Qwen3-8B (GRPO Ensemble),GRPO,aos-qwen3
114,,,,,,pxowg7x7,AOS-Qwen3-8B (GRPO Ensemble),GRPO,aos-qwen3
115,,,,,,pxowg7x7,AOS-Qwen3-8B (GRPO Ensemble),GRPO,aos-qwen3
116,,,,,,pxowg7x7,AOS-Qwen3-8B (GRPO Ensemble),GRPO,aos-qwen3
117,,,,,,pxowg7x7,AOS-Qwen3-8B (GRPO Ensemble),GRPO,aos-qwen3
118,,,,,,pxowg7x7,AOS-Qwen3-8B (GRPO Ensemble),GRPO,aos-qwen3
119,,,,,,pxowg7x7,AOS-Qwen3-8B (GRPO Ensemble),GRPO,aos-qwen3
120,,,,,,pxowg7x7,AOS-Qwen3-8B (GRPO Ensemble),GRPO,aos-qwen3
121,,,,,,pxowg7x7,AOS-Qwen3-8B (GRPO Ensemble),GRPO,aos-qwen3
122,,,,,,pxowg7x7,AOS-Qwen3-8B (GRPO Ensemble),GRPO,aos-qwen3
123,,,,,,pxowg7x7,AOS-Qwen3-8B (GRPO Ensemble),GRPO,aos-qwen3
124,,,,,,pxowg7x7,AOS-Qwen3-8B (GRPO Ensemble),GRPO,aos-qwen3
125,,,,,,pxowg7x7,AOS-Qwen3-8B (GRPO Ensemble),GRPO,aos-qwen3
126,,,,,,pxowg7x7,AOS-Qwen3-8B (GRPO Ensemble),GRPO,aos-qwen3
127,,,,,,pxowg7x7,AOS-Qwen3-8B (GRPO Ensemble),GRPO,aos-qwen3
128,,,,,,pxowg7x7,AOS-Qwen3-8B (GRPO Ensemble),GRPO,aos-qwen3
129,,,,,,pxowg7x7,AOS-Qwen3-8B (GRPO Ensemble),GRPO,aos-qwen3
130,,,,,,pxowg7x7,AOS-Qwen3-8B (GRPO Ensemble),GRPO,aos-qwen3
131,,,,,,pxowg7x7,AOS-Qwen3-8B (GRPO Ensemble),GRPO,aos-qwen3
132,,,,,,pxowg7x7,AOS-Qwen3-8B (GRPO Ensemble),GRPO,aos-qwen3
133,,,,,,pxowg7x7,AOS-Qwen3-8B (GRPO Ensemble),GRPO,aos-qwen3
134,,,,,,pxowg7x7,AOS-Qwen3-8B (GRPO Ensemble),GRPO,aos-qwen3
135,,,,,,pxowg7x7,AOS-Qwen3-8B (GRPO Ensemble),GRPO,aos-qwen3
136,,,,,,pxowg7x7,AOS-Qwen3-8B (GRPO Ensemble),GRPO,aos-qwen3
137,,,,,,pxowg7x7,AOS-Qwen3-8B (GRPO Ensemble),GRPO,aos-qwen3
138,,,,,,pxowg7x7,AOS-Qwen3-8B (GRPO Ensemble),GRPO,aos-qwen3
139,,,,,,pxowg7x7,AOS-Qwen3-8B (GRPO Ensemble),GRPO,aos-qwen3
140,,,,,,pxowg7x7,AOS-Qwen3-8B (GRPO Ensemble),GRPO,aos-qwen3
141,-0.0107,0.38076541423797605,0.04239771526772529,0.38076541423797605,0.0,pxowg7x7,AOS-Qwen3-8B (GRPO Ensemble),GRPO,aos-qwen3
142,,,,,,pxowg7x7,AOS-Qwen3-8B (GRPO Ensemble),GRPO,aos-qwen3
143,,,,,,pxowg7x7,AOS-Qwen3-8B (GRPO Ensemble),GRPO,aos-qwen3
144,,,,,,pxowg7x7,AOS-Qwen3-8B (GRPO Ensemble),GRPO,aos-qwen3
145,,,,,,pxowg7x7,AOS-Qwen3-8B (GRPO Ensemble),GRPO,aos-qwen3
146,,,,,,pxowg7x7,AOS-Qwen3-8B (GRPO Ensemble),GRPO,aos-qwen3
147,,,,,,pxowg7x7,AOS-Qwen3-8B (GRPO Ensemble),GRPO,aos-qwen3
148,,,,,,pxowg7x7,AOS-Qwen3-8B (GRPO Ensemble),GRPO,aos-qwen3
149,,,,,,pxowg7x7,AOS-Qwen3-8B (GRPO Ensemble),GRPO,aos-qwen3
150,,,,,,pxowg7x7,AOS-Qwen3-8B (GRPO Ensemble),GRPO,aos-qwen3
151,,,,,,pxowg7x7,AOS-Qwen3-8B (GRPO Ensemble),GRPO,aos-qwen3
152,,,,,,pxowg7x7,AOS-Qwen3-8B (GRPO Ensemble),GRPO,aos-qwen3
153,,,,,,pxowg7x7,AOS-Qwen3-8B (GRPO Ensemble),GRPO,aos-qwen3
154,,,,,,pxowg7x7,AOS-Qwen3-8B (GRPO Ensemble),GRPO,aos-qwen3
155,,,,,,pxowg7x7,AOS-Qwen3-8B (GRPO Ensemble),GRPO,aos-qwen3
156,,,,,,pxowg7x7,AOS-Qwen3-8B (GRPO Ensemble),GRPO,aos-qwen3
157,,,,,,pxowg7x7,AOS-Qwen3-8B (GRPO Ensemble),GRPO,aos-qwen3
158,,,,,,pxowg7x7,AOS-Qwen3-8B (GRPO Ensemble),GRPO,aos-qwen3
159,,,,,,pxowg7x7,AOS-Qwen3-8B (GRPO Ensemble),GRPO,aos-qwen3
160,,,,,,pxowg7x7,AOS-Qwen3-8B (GRPO Ensemble),GRPO,aos-qwen3
161,,,,,,pxowg7x7,AOS-Qwen3-8B (GRPO Ensemble),GRPO,aos-qwen3
162,,,,,,pxowg7x7,AOS-Qwen3-8B (GRPO Ensemble),GRPO,aos-qwen3
163,,,,,,pxowg7x7,AOS-Qwen3-8B (GRPO Ensemble),GRPO,aos-qwen3
164,,,,,,pxowg7x7,AOS-Qwen3-8B (GRPO Ensemble),GRPO,aos-qwen3
165,,,,,,pxowg7x7,AOS-Qwen3-8B (GRPO Ensemble),GRPO,aos-qwen3
166,,,,,,pxowg7x7,AOS-Qwen3-8B (GRPO Ensemble),GRPO,aos-qwen3
167,,,,,,pxowg7x7,AOS-Qwen3-8B (GRPO Ensemble),GRPO,aos-qwen3
168,,,,,,pxowg7x7,AOS-Qwen3-8B (GRPO Ensemble),GRPO,aos-qwen3
169,,,,,,pxowg7x7,AOS-Qwen3-8B (GRPO Ensemble),GRPO,aos-qwen3
170,,,,,,pxowg7x7,AOS-Qwen3-8B (GRPO Ensemble),GRPO,aos-qwen3
171,,,,,,pxowg7x7,AOS-Qwen3-8B (GRPO Ensemble),GRPO,aos-qwen3
172,,,,,,pxowg7x7,AOS-Qwen3-8B (GRPO Ensemble),GRPO,aos-qwen3
173,,,,,,pxowg7x7,AOS-Qwen3-8B (GRPO Ensemble),GRPO,aos-qwen3
174,,,,,,pxowg7x7,AOS-Qwen3-8B (GRPO Ensemble),GRPO,aos-qwen3
175,,,,,,pxowg7x7,AOS-Qwen3-8B (GRPO Ensemble),GRPO,aos-qwen3
176,,,,,,pxowg7x7,AOS-Qwen3-8B (GRPO Ensemble),GRPO,aos-qwen3
177,,,,,,pxowg7x7,AOS-Qwen3-8B (GRPO Ensemble),GRPO,aos-qwen3
178,,,,,,pxowg7x7,AOS-Qwen3-8B (GRPO Ensemble),GRPO,aos-qwen3
179,,,,,,pxowg7x7,AOS-Qwen3-8B (GRPO Ensemble),GRPO,aos-qwen3
180,,,,,,pxowg7x7,AOS-Qwen3-8B (GRPO Ensemble),GRPO,aos-qwen3
181,,,,,,pxowg7x7,AOS-Qwen3-8B (GRPO Ensemble),GRPO,aos-qwen3
182,,,,,,pxowg7x7,AOS-Qwen3-8B (GRPO Ensemble),GRPO,aos-qwen3
183,,,,,,pxowg7x7,AOS-Qwen3-8B (GRPO Ensemble),GRPO,aos-qwen3
184,,,,,,pxowg7x7,AOS-Qwen3-8B (GRPO Ensemble),GRPO,aos-qwen3
185,,,,,,pxowg7x7,AOS-Qwen3-8B (GRPO Ensemble),GRPO,aos-qwen3
186,,,,,,pxowg7x7,AOS-Qwen3-8B (GRPO Ensemble),GRPO,aos-qwen3
187,,,,,,pxowg7x7,AOS-Qwen3-8B (GRPO Ensemble),GRPO,aos-qwen3
188,,,,,,pxowg7x7,AOS-Qwen3-8B (GRPO Ensemble),GRPO,aos-qwen3
189,,,,,,pxowg7x7,AOS-Qwen3-8B (GRPO Ensemble),GRPO,aos-qwen3
190,,,,,,pxowg7x7,AOS-Qwen3-8B (GRPO Ensemble),GRPO,aos-qwen3
191,,,,,,pxowg7x7,AOS-Qwen3-8B (GRPO Ensemble),GRPO,aos-qwen3
192,,,,,,pxowg7x7,AOS-Qwen3-8B (GRPO Ensemble),GRPO,aos-qwen3
193,,,,,,pxowg7x7,AOS-Qwen3-8B (GRPO Ensemble),GRPO,aos-qwen3
194,,,,,,pxowg7x7,AOS-Qwen3-8B (GRPO Ensemble),GRPO,aos-qwen3
195,,,,,,pxowg7x7,AOS-Qwen3-8B (GRPO Ensemble),GRPO,aos-qwen3
196,,,,,,pxowg7x7,AOS-Qwen3-8B (GRPO Ensemble),GRPO,aos-qwen3
197,,,,,,pxowg7x7,AOS-Qwen3-8B (GRPO Ensemble),GRPO,aos-qwen3
198,,,,,,pxowg7x7,AOS-Qwen3-8B (GRPO Ensemble),GRPO,aos-qwen3
199,,,,,,pxowg7x7,AOS-Qwen3-8B (GRPO Ensemble),GRPO,aos-qwen3
200,,,,,,pxowg7x7,AOS-Qwen3-8B (GRPO Ensemble),GRPO,aos-qwen3
201,,,,,,pxowg7x7,AOS-Qwen3-8B (GRPO Ensemble),GRPO,aos-qwen3
202,,,,,,pxowg7x7,AOS-Qwen3-8B (GRPO Ensemble),GRPO,aos-qwen3
203,,,,,,pxowg7x7,AOS-Qwen3-8B (GRPO Ensemble),GRPO,aos-qwen3
204,,,,,,pxowg7x7,AOS-Qwen3-8B (GRPO Ensemble),GRPO,aos-qwen3
205,,,,,,pxowg7x7,AOS-Qwen3-8B (GRPO Ensemble),GRPO,aos-qwen3
206,,,,,,pxowg7x7,AOS-Qwen3-8B (GRPO Ensemble),GRPO,aos-qwen3
207,,,,,,pxowg7x7,AOS-Qwen3-8B (GRPO Ensemble),GRPO,aos-qwen3
208,,,,,,pxowg7x7,AOS-Qwen3-8B (GRPO Ensemble),GRPO,aos-qwen3
209,,,,,,pxowg7x7,AOS-Qwen3-8B (GRPO Ensemble),GRPO,aos-qwen3
210,,,,,,pxowg7x7,AOS-Qwen3-8B (GRPO Ensemble),GRPO,aos-qwen3
211,,,,,,pxowg7x7,AOS-Qwen3-8B (GRPO Ensemble),GRPO,aos-qwen3
212,0.0,0.4044571816921234,0.017913164710626005,0.4044571816921234,0.0,pxowg7x7,AOS-Qwen3-8B (GRPO Ensemble),GRPO,aos-qwen3
213,,,,,,pxowg7x7,AOS-Qwen3-8B (GRPO Ensemble),GRPO,aos-qwen3
214,,,,,,pxowg7x7,AOS-Qwen3-8B (GRPO Ensemble),GRPO,aos-qwen3
215,,,,,,pxowg7x7,AOS-Qwen3-8B (GRPO Ensemble),GRPO,aos-qwen3
216,,,,,,pxowg7x7,AOS-Qwen3-8B (GRPO Ensemble),GRPO,aos-qwen3
217,,,,,,pxowg7x7,AOS-Qwen3-8B (GRPO Ensemble),GRPO,aos-qwen3
218,,,,,,pxowg7x7,AOS-Qwen3-8B (GRPO Ensemble),GRPO,aos-qwen3
219,,,,,,pxowg7x7,AOS-Qwen3-8B (GRPO Ensemble),GRPO,aos-qwen3
220,,,,,,pxowg7x7,AOS-Qwen3-8B (GRPO Ensemble),GRPO,aos-qwen3
221,,,,,,pxowg7x7,AOS-Qwen3-8B (GRPO Ensemble),GRPO,aos-qwen3
222,,,,,,pxowg7x7,AOS-Qwen3-8B (GRPO Ensemble),GRPO,aos-qwen3
223,,,,,,pxowg7x7,AOS-Qwen3-8B (GRPO Ensemble),GRPO,aos-qwen3
224,,,,,,pxowg7x7,AOS-Qwen3-8B (GRPO Ensemble),GRPO,aos-qwen3
225,,,,,,pxowg7x7,AOS-Qwen3-8B (GRPO Ensemble),GRPO,aos-qwen3
226,,,,,,pxowg7x7,AOS-Qwen3-8B (GRPO Ensemble),GRPO,aos-qwen3
227,,,,,,pxowg7x7,AOS-Qwen3-8B (GRPO Ensemble),GRPO,aos-qwen3
228,,,,,,pxowg7x7,AOS-Qwen3-8B (GRPO Ensemble),GRPO,aos-qwen3
229,,,,,,pxowg7x7,AOS-Qwen3-8B (GRPO Ensemble),GRPO,aos-qwen3
230,,,,,,pxowg7x7,AOS-Qwen3-8B (GRPO Ensemble),GRPO,aos-qwen3
231,,,,,,pxowg7x7,AOS-Qwen3-8B (GRPO Ensemble),GRPO,aos-qwen3
232,,,,,,pxowg7x7,AOS-Qwen3-8B (GRPO Ensemble),GRPO,aos-qwen3
233,,,,,,pxowg7x7,AOS-Qwen3-8B (GRPO Ensemble),GRPO,aos-qwen3
234,,,,,,pxowg7x7,AOS-Qwen3-8B (GRPO Ensemble),GRPO,aos-qwen3
235,,,,,,pxowg7x7,AOS-Qwen3-8B (GRPO Ensemble),GRPO,aos-qwen3
236,,,,,,pxowg7x7,AOS-Qwen3-8B (GRPO Ensemble),GRPO,aos-qwen3
237,,,,,,pxowg7x7,AOS-Qwen3-8B (GRPO Ensemble),GRPO,aos-qwen3
238,,,,,,pxowg7x7,AOS-Qwen3-8B (GRPO Ensemble),GRPO,aos-qwen3
239,,,,,,pxowg7x7,AOS-Qwen3-8B (GRPO Ensemble),GRPO,aos-qwen3
240,,,,,,pxowg7x7,AOS-Qwen3-8B (GRPO Ensemble),GRPO,aos-qwen3
241,,,,,,pxowg7x7,AOS-Qwen3-8B (GRPO Ensemble),GRPO,aos-qwen3
242,,,,,,pxowg7x7,AOS-Qwen3-8B (GRPO Ensemble),GRPO,aos-qwen3
243,,,,,,pxowg7x7,AOS-Qwen3-8B (GRPO Ensemble),GRPO,aos-qwen3
244,,,,,,pxowg7x7,AOS-Qwen3-8B (GRPO Ensemble),GRPO,aos-qwen3
245,,,,,,pxowg7x7,AOS-Qwen3-8B (GRPO Ensemble),GRPO,aos-qwen3
246,,,,,,pxowg7x7,AOS-Qwen3-8B (GRPO Ensemble),GRPO,aos-qwen3
247,,,,,,pxowg7x7,AOS-Qwen3-8B (GRPO Ensemble),GRPO,aos-qwen3
248,,,,,,pxowg7x7,AOS-Qwen3-8B (GRPO Ensemble),GRPO,aos-qwen3
249,,,,,,pxowg7x7,AOS-Qwen3-8B (GRPO Ensemble),GRPO,aos-qwen3
250,,,,,,pxowg7x7,AOS-Qwen3-8B (GRPO Ensemble),GRPO,aos-qwen3
251,,,,,,pxowg7x7,AOS-Qwen3-8B (GRPO Ensemble),GRPO,aos-qwen3
252,,,,,,pxowg7x7,AOS-Qwen3-8B (GRPO Ensemble),GRPO,aos-qwen3
253,,,,,,pxowg7x7,AOS-Qwen3-8B (GRPO Ensemble),GRPO,aos-qwen3
254,,,,,,pxowg7x7,AOS-Qwen3-8B (GRPO Ensemble),GRPO,aos-qwen3
255,,,,,,pxowg7x7,AOS-Qwen3-8B (GRPO Ensemble),GRPO,aos-qwen3
256,,,,,,pxowg7x7,AOS-Qwen3-8B (GRPO Ensemble),GRPO,aos-qwen3
257,,,,,,pxowg7x7,AOS-Qwen3-8B (GRPO Ensemble),GRPO,aos-qwen3
258,,,,,,pxowg7x7,AOS-Qwen3-8B (GRPO Ensemble),GRPO,aos-qwen3
259,,,,,,pxowg7x7,AOS-Qwen3-8B (GRPO Ensemble),GRPO,aos-qwen3
260,,,,,,pxowg7x7,AOS-Qwen3-8B (GRPO Ensemble),GRPO,aos-qwen3
261,,,,,,pxowg7x7,AOS-Qwen3-8B (GRPO Ensemble),GRPO,aos-qwen3
262,,,,,,pxowg7x7,AOS-Qwen3-8B (GRPO Ensemble),GRPO,aos-qwen3
263,,,,,,pxowg7x7,AOS-Qwen3-8B (GRPO Ensemble),GRPO,aos-qwen3
264,,,,,,pxowg7x7,AOS-Qwen3-8B (GRPO Ensemble),GRPO,aos-qwen3
265,,,,,,pxowg7x7,AOS-Qwen3-8B (GRPO Ensemble),GRPO,aos-qwen3
266,,,,,,pxowg7x7,AOS-Qwen3-8B (GRPO Ensemble),GRPO,aos-qwen3
267,,,,,,pxowg7x7,AOS-Qwen3-8B (GRPO Ensemble),GRPO,aos-qwen3
268,,,,,,pxowg7x7,AOS-Qwen3-8B (GRPO Ensemble),GRPO,aos-qwen3
269,,,,,,pxowg7x7,AOS-Qwen3-8B (GRPO Ensemble),GRPO,aos-qwen3
270,,,,,,pxowg7x7,AOS-Qwen3-8B (GRPO Ensemble),GRPO,aos-qwen3
271,,,,,,pxowg7x7,AOS-Qwen3-8B (GRPO Ensemble),GRPO,aos-qwen3
272,,,,,,pxowg7x7,AOS-Qwen3-8B (GRPO Ensemble),GRPO,aos-qwen3
273,,,,,,pxowg7x7,AOS-Qwen3-8B (GRPO Ensemble),GRPO,aos-qwen3
274,,,,,,pxowg7x7,AOS-Qwen3-8B (GRPO Ensemble),GRPO,aos-qwen3
275,,,,,,pxowg7x7,AOS-Qwen3-8B (GRPO Ensemble),GRPO,aos-qwen3
276,,,,,,pxowg7x7,AOS-Qwen3-8B (GRPO Ensemble),GRPO,aos-qwen3
277,,,,,,pxowg7x7,AOS-Qwen3-8B (GRPO Ensemble),GRPO,aos-qwen3
278,,,,,,pxowg7x7,AOS-Qwen3-8B (GRPO Ensemble),GRPO,aos-qwen3
279,,,,,,pxowg7x7,AOS-Qwen3-8B (GRPO Ensemble),GRPO,aos-qwen3
280,,,,,,pxowg7x7,AOS-Qwen3-8B (GRPO Ensemble),GRPO,aos-qwen3
281,,,,,,pxowg7x7,AOS-Qwen3-8B (GRPO Ensemble),GRPO,aos-qwen3
282,,,,,,pxowg7x7,AOS-Qwen3-8B (GRPO Ensemble),GRPO,aos-qwen3
283,-0.0543,0.40721074044704436,0.011657315422780812,0.40721074044704436,0.0,pxowg7x7,AOS-Qwen3-8B (GRPO Ensemble),GRPO,aos-qwen3
284,,,,,,pxowg7x7,AOS-Qwen3-8B (GRPO Ensemble),GRPO,aos-qwen3
285,,,,,,pxowg7x7,AOS-Qwen3-8B (GRPO Ensemble),GRPO,aos-qwen3
286,,,,,,pxowg7x7,AOS-Qwen3-8B (GRPO Ensemble),GRPO,aos-qwen3
287,,,,,,pxowg7x7,AOS-Qwen3-8B (GRPO Ensemble),GRPO,aos-qwen3
288,,,,,,pxowg7x7,AOS-Qwen3-8B (GRPO Ensemble),GRPO,aos-qwen3
289,,,,,,pxowg7x7,AOS-Qwen3-8B (GRPO Ensemble),GRPO,aos-qwen3
290,,,,,,pxowg7x7,AOS-Qwen3-8B (GRPO Ensemble),GRPO,aos-qwen3
291,,,,,,pxowg7x7,AOS-Qwen3-8B (GRPO Ensemble),GRPO,aos-qwen3
292,,,,,,pxowg7x7,AOS-Qwen3-8B (GRPO Ensemble),GRPO,aos-qwen3
293,,,,,,pxowg7x7,AOS-Qwen3-8B (GRPO Ensemble),GRPO,aos-qwen3
294,,,,,,pxowg7x7,AOS-Qwen3-8B (GRPO Ensemble),GRPO,aos-qwen3
295,,,,,,pxowg7x7,AOS-Qwen3-8B (GRPO Ensemble),GRPO,aos-qwen3
296,,,,,,pxowg7x7,AOS-Qwen3-8B (GRPO Ensemble),GRPO,aos-qwen3
297,,,,,,pxowg7x7,AOS-Qwen3-8B (GRPO Ensemble),GRPO,aos-qwen3
298,,,,,,pxowg7x7,AOS-Qwen3-8B (GRPO Ensemble),GRPO,aos-qwen3
299,,,,,,pxowg7x7,AOS-Qwen3-8B (GRPO Ensemble),GRPO,aos-qwen3
300,,,,,,pxowg7x7,AOS-Qwen3-8B (GRPO Ensemble),GRPO,aos-qwen3
301,,,,,,pxowg7x7,AOS-Qwen3-8B (GRPO Ensemble),GRPO,aos-qwen3
302,,,,,,pxowg7x7,AOS-Qwen3-8B (GRPO Ensemble),GRPO,aos-qwen3
303,,,,,,pxowg7x7,AOS-Qwen3-8B (GRPO Ensemble),GRPO,aos-qwen3
304,,,,,,pxowg7x7,AOS-Qwen3-8B (GRPO Ensemble),GRPO,aos-qwen3
305,,,,,,pxowg7x7,AOS-Qwen3-8B (GRPO Ensemble),GRPO,aos-qwen3
306,,,,,,pxowg7x7,AOS-Qwen3-8B (GRPO Ensemble),GRPO,aos-qwen3
307,,,,,,pxowg7x7,AOS-Qwen3-8B (GRPO Ensemble),GRPO,aos-qwen3
308,,,,,,pxowg7x7,AOS-Qwen3-8B (GRPO Ensemble),GRPO,aos-qwen3
309,,,,,,pxowg7x7,AOS-Qwen3-8B (GRPO Ensemble),GRPO,aos-qwen3
310,,,,,,pxowg7x7,AOS-Qwen3-8B (GRPO Ensemble),GRPO,aos-qwen3
311,,,,,,pxowg7x7,AOS-Qwen3-8B (GRPO Ensemble),GRPO,aos-qwen3
312,,,,,,pxowg7x7,AOS-Qwen3-8B (GRPO Ensemble),GRPO,aos-qwen3
313,,,,,,pxowg7x7,AOS-Qwen3-8B (GRPO Ensemble),GRPO,aos-qwen3
314,,,,,,pxowg7x7,AOS-Qwen3-8B (GRPO Ensemble),GRPO,aos-qwen3
315,,,,,,pxowg7x7,AOS-Qwen3-8B (GRPO Ensemble),GRPO,aos-qwen3
316,,,,,,pxowg7x7,AOS-Qwen3-8B (GRPO Ensemble),GRPO,aos-qwen3
317,,,,,,pxowg7x7,AOS-Qwen3-8B (GRPO Ensemble),GRPO,aos-qwen3
318,,,,,,pxowg7x7,AOS-Qwen3-8B (GRPO Ensemble),GRPO,aos-qwen3
319,,,,,,pxowg7x7,AOS-Qwen3-8B (GRPO Ensemble),GRPO,aos-qwen3
320,,,,,,pxowg7x7,AOS-Qwen3-8B (GRPO Ensemble),GRPO,aos-qwen3
321,,,,,,pxowg7x7,AOS-Qwen3-8B (GRPO Ensemble),GRPO,aos-qwen3
322,,,,,,pxowg7x7,AOS-Qwen3-8B (GRPO Ensemble),GRPO,aos-qwen3
323,,,,,,pxowg7x7,AOS-Qwen3-8B (GRPO Ensemble),GRPO,aos-qwen3
324,,,,,,pxowg7x7,AOS-Qwen3-8B (GRPO Ensemble),GRPO,aos-qwen3
325,,,,,,pxowg7x7,AOS-Qwen3-8B (GRPO Ensemble),GRPO,aos-qwen3
326,,,,,,pxowg7x7,AOS-Qwen3-8B (GRPO Ensemble),GRPO,aos-qwen3
327,,,,,,pxowg7x7,AOS-Qwen3-8B (GRPO Ensemble),GRPO,aos-qwen3
328,,,,,,pxowg7x7,AOS-Qwen3-8B (GRPO Ensemble),GRPO,aos-qwen3
329,,,,,,pxowg7x7,AOS-Qwen3-8B (GRPO Ensemble),GRPO,aos-qwen3
330,,,,,,pxowg7x7,AOS-Qwen3-8B (GRPO Ensemble),GRPO,aos-qwen3
331,,,,,,pxowg7x7,AOS-Qwen3-8B (GRPO Ensemble),GRPO,aos-qwen3
332,,,,,,pxowg7x7,AOS-Qwen3-8B (GRPO Ensemble),GRPO,aos-qwen3
333,,,,,,pxowg7x7,AOS-Qwen3-8B (GRPO Ensemble),GRPO,aos-qwen3
334,,,,,,pxowg7x7,AOS-Qwen3-8B (GRPO Ensemble),GRPO,aos-qwen3
335,,,,,,pxowg7x7,AOS-Qwen3-8B (GRPO Ensemble),GRPO,aos-qwen3
336,,,,,,pxowg7x7,AOS-Qwen3-8B (GRPO Ensemble),GRPO,aos-qwen3
337,,,,,,pxowg7x7,AOS-Qwen3-8B (GRPO Ensemble),GRPO,aos-qwen3
338,,,,,,pxowg7x7,AOS-Qwen3-8B (GRPO Ensemble),GRPO,aos-qwen3
339,,,,,,pxowg7x7,AOS-Qwen3-8B (GRPO Ensemble),GRPO,aos-qwen3
340,,,,,,pxowg7x7,AOS-Qwen3-8B (GRPO Ensemble),GRPO,aos-qwen3
341,,,,,,pxowg7x7,AOS-Qwen3-8B (GRPO Ensemble),GRPO,aos-qwen3
342,,,,,,pxowg7x7,AOS-Qwen3-8B (GRPO Ensemble),GRPO,aos-qwen3
343,,,,,,pxowg7x7,AOS-Qwen3-8B (GRPO Ensemble),GRPO,aos-qwen3
344,,,,,,pxowg7x7,AOS-Qwen3-8B (GRPO Ensemble),GRPO,aos-qwen3
345,,,,,,pxowg7x7,AOS-Qwen3-8B (GRPO Ensemble),GRPO,aos-qwen3
346,,,,,,pxowg7x7,AOS-Qwen3-8B (GRPO Ensemble),GRPO,aos-qwen3
347,,,,,,pxowg7x7,AOS-Qwen3-8B (GRPO Ensemble),GRPO,aos-qwen3
348,,,,,,pxowg7x7,AOS-Qwen3-8B (GRPO Ensemble),GRPO,aos-qwen3
349,,,,,,pxowg7x7,AOS-Qwen3-8B (GRPO Ensemble),GRPO,aos-qwen3
350,,,,,,pxowg7x7,AOS-Qwen3-8B (GRPO Ensemble),GRPO,aos-qwen3
351,,,,,,pxowg7x7,AOS-Qwen3-8B (GRPO Ensemble),GRPO,aos-qwen3
352,,,,,,pxowg7x7,AOS-Qwen3-8B (GRPO Ensemble),GRPO,aos-qwen3
353,,,,,,pxowg7x7,AOS-Qwen3-8B (GRPO Ensemble),GRPO,aos-qwen3
354,-0.0105,0.4091186344623566,0.010517331236042083,0.4091186344623566,0.0,pxowg7x7,AOS-Qwen3-8B (GRPO Ensemble),GRPO,aos-qwen3
355,,,,,,pxowg7x7,AOS-Qwen3-8B (GRPO Ensemble),GRPO,aos-qwen3
356,,,,,,pxowg7x7,AOS-Qwen3-8B (GRPO Ensemble),GRPO,aos-qwen3
357,,,,,,pxowg7x7,AOS-Qwen3-8B (GRPO Ensemble),GRPO,aos-qwen3
358,,,,,,pxowg7x7,AOS-Qwen3-8B (GRPO Ensemble),GRPO,aos-qwen3
359,,,,,,pxowg7x7,AOS-Qwen3-8B (GRPO Ensemble),GRPO,aos-qwen3
360,,,,,,pxowg7x7,AOS-Qwen3-8B (GRPO Ensemble),GRPO,aos-qwen3
361,,,,,,pxowg7x7,AOS-Qwen3-8B (GRPO Ensemble),GRPO,aos-qwen3
362,,,,,,pxowg7x7,AOS-Qwen3-8B (GRPO Ensemble),GRPO,aos-qwen3
363,,,,,,pxowg7x7,AOS-Qwen3-8B (GRPO Ensemble),GRPO,aos-qwen3
364,,,,,,pxowg7x7,AOS-Qwen3-8B (GRPO Ensemble),GRPO,aos-qwen3
365,,,,,,pxowg7x7,AOS-Qwen3-8B (GRPO Ensemble),GRPO,aos-qwen3
366,,,,,,pxowg7x7,AOS-Qwen3-8B (GRPO Ensemble),GRPO,aos-qwen3
367,,,,,,pxowg7x7,AOS-Qwen3-8B (GRPO Ensemble),GRPO,aos-qwen3
368,,,,,,pxowg7x7,AOS-Qwen3-8B (GRPO Ensemble),GRPO,aos-qwen3
369,,,,,,pxowg7x7,AOS-Qwen3-8B (GRPO Ensemble),GRPO,aos-qwen3
370,,,,,,pxowg7x7,AOS-Qwen3-8B (GRPO Ensemble),GRPO,aos-qwen3
371,,,,,,pxowg7x7,AOS-Qwen3-8B (GRPO Ensemble),GRPO,aos-qwen3
372,,,,,,pxowg7x7,AOS-Qwen3-8B (GRPO Ensemble),GRPO,aos-qwen3
373,,,,,,pxowg7x7,AOS-Qwen3-8B (GRPO Ensemble),GRPO,aos-qwen3
374,,,,,,pxowg7x7,AOS-Qwen3-8B (GRPO Ensemble),GRPO,aos-qwen3
375,,,,,,pxowg7x7,AOS-Qwen3-8B (GRPO Ensemble),GRPO,aos-qwen3
376,,,,,,pxowg7x7,AOS-Qwen3-8B (GRPO Ensemble),GRPO,aos-qwen3
377,,,,,,pxowg7x7,AOS-Qwen3-8B (GRPO Ensemble),GRPO,aos-qwen3
378,,,,,,pxowg7x7,AOS-Qwen3-8B (GRPO Ensemble),GRPO,aos-qwen3
379,,,,,,pxowg7x7,AOS-Qwen3-8B (GRPO Ensemble),GRPO,aos-qwen3
380,,,,,,pxowg7x7,AOS-Qwen3-8B (GRPO Ensemble),GRPO,aos-qwen3
381,,,,,,pxowg7x7,AOS-Qwen3-8B (GRPO Ensemble),GRPO,aos-qwen3
382,,,,,,pxowg7x7,AOS-Qwen3-8B (GRPO Ensemble),GRPO,aos-qwen3
383,,,,,,pxowg7x7,AOS-Qwen3-8B (GRPO Ensemble),GRPO,aos-qwen3
384,,,,,,pxowg7x7,AOS-Qwen3-8B (GRPO Ensemble),GRPO,aos-qwen3
385,,,,,,pxowg7x7,AOS-Qwen3-8B (GRPO Ensemble),GRPO,aos-qwen3
386,,,,,,pxowg7x7,AOS-Qwen3-8B (GRPO Ensemble),GRPO,aos-qwen3
387,,,,,,pxowg7x7,AOS-Qwen3-8B (GRPO Ensemble),GRPO,aos-qwen3
388,,,,,,pxowg7x7,AOS-Qwen3-8B (GRPO Ensemble),GRPO,aos-qwen3
389,,,,,,pxowg7x7,AOS-Qwen3-8B (GRPO Ensemble),GRPO,aos-qwen3
390,,,,,,pxowg7x7,AOS-Qwen3-8B (GRPO Ensemble),GRPO,aos-qwen3
391,,,,,,pxowg7x7,AOS-Qwen3-8B (GRPO Ensemble),GRPO,aos-qwen3
392,,,,,,pxowg7x7,AOS-Qwen3-8B (GRPO Ensemble),GRPO,aos-qwen3
393,,,,,,pxowg7x7,AOS-Qwen3-8B (GRPO Ensemble),GRPO,aos-qwen3
394,,,,,,pxowg7x7,AOS-Qwen3-8B (GRPO Ensemble),GRPO,aos-qwen3
395,,,,,,pxowg7x7,AOS-Qwen3-8B (GRPO Ensemble),GRPO,aos-qwen3
396,,,,,,pxowg7x7,AOS-Qwen3-8B (GRPO Ensemble),GRPO,aos-qwen3
397,,,,,,pxowg7x7,AOS-Qwen3-8B (GRPO Ensemble),GRPO,aos-qwen3
398,,,,,,pxowg7x7,AOS-Qwen3-8B (GRPO Ensemble),GRPO,aos-qwen3
399,,,,,,pxowg7x7,AOS-Qwen3-8B (GRPO Ensemble),GRPO,aos-qwen3
400,,,,,,pxowg7x7,AOS-Qwen3-8B (GRPO Ensemble),GRPO,aos-qwen3
401,,,,,,pxowg7x7,AOS-Qwen3-8B (GRPO Ensemble),GRPO,aos-qwen3
402,,,,,,pxowg7x7,AOS-Qwen3-8B (GRPO Ensemble),GRPO,aos-qwen3
403,,,,,,pxowg7x7,AOS-Qwen3-8B (GRPO Ensemble),GRPO,aos-qwen3
404,,,,,,pxowg7x7,AOS-Qwen3-8B (GRPO Ensemble),GRPO,aos-qwen3
405,,,,,,pxowg7x7,AOS-Qwen3-8B (GRPO Ensemble),GRPO,aos-qwen3
406,,,,,,pxowg7x7,AOS-Qwen3-8B (GRPO Ensemble),GRPO,aos-qwen3
407,,,,,,pxowg7x7,AOS-Qwen3-8B (GRPO Ensemble),GRPO,aos-qwen3
408,,,,,,pxowg7x7,AOS-Qwen3-8B (GRPO Ensemble),GRPO,aos-qwen3
409,,,,,,pxowg7x7,AOS-Qwen3-8B (GRPO Ensemble),GRPO,aos-qwen3
410,,,,,,pxowg7x7,AOS-Qwen3-8B (GRPO Ensemble),GRPO,aos-qwen3
411,,,,,,pxowg7x7,AOS-Qwen3-8B (GRPO Ensemble),GRPO,aos-qwen3
412,,,,,,pxowg7x7,AOS-Qwen3-8B (GRPO Ensemble),GRPO,aos-qwen3
413,,,,,,pxowg7x7,AOS-Qwen3-8B (GRPO Ensemble),GRPO,aos-qwen3
414,,,,,,pxowg7x7,AOS-Qwen3-8B (GRPO Ensemble),GRPO,aos-qwen3
415,,,,,,pxowg7x7,AOS-Qwen3-8B (GRPO Ensemble),GRPO,aos-qwen3
416,,,,,,pxowg7x7,AOS-Qwen3-8B (GRPO Ensemble),GRPO,aos-qwen3
417,,,,,,pxowg7x7,AOS-Qwen3-8B (GRPO Ensemble),GRPO,aos-qwen3
418,,,,,,pxowg7x7,AOS-Qwen3-8B (GRPO Ensemble),GRPO,aos-qwen3
419,,,,,,pxowg7x7,AOS-Qwen3-8B (GRPO Ensemble),GRPO,aos-qwen3
420,,,,,,pxowg7x7,AOS-Qwen3-8B (GRPO Ensemble),GRPO,aos-qwen3
421,,,,,,pxowg7x7,AOS-Qwen3-8B (GRPO Ensemble),GRPO,aos-qwen3
422,,,,,,pxowg7x7,AOS-Qwen3-8B (GRPO Ensemble),GRPO,aos-qwen3
423,,,,,,pxowg7x7,AOS-Qwen3-8B (GRPO Ensemble),GRPO,aos-qwen3
424,,,,,,pxowg7x7,AOS-Qwen3-8B (GRPO Ensemble),GRPO,aos-qwen3
425,-0.0089,0.39997789859771726,0.034037673566490415,0.39997789859771726,0.0,pxowg7x7,AOS-Qwen3-8B (GRPO Ensemble),GRPO,aos-qwen3
426,,,,,,pxowg7x7,AOS-Qwen3-8B (GRPO Ensemble),GRPO,aos-qwen3
427,,,,,,pxowg7x7,AOS-Qwen3-8B (GRPO Ensemble),GRPO,aos-qwen3
428,,,,,,pxowg7x7,AOS-Qwen3-8B (GRPO Ensemble),GRPO,aos-qwen3
429,,,,,,pxowg7x7,AOS-Qwen3-8B (GRPO Ensemble),GRPO,aos-qwen3
430,,,,,,pxowg7x7,AOS-Qwen3-8B (GRPO Ensemble),GRPO,aos-qwen3
431,,,,,,pxowg7x7,AOS-Qwen3-8B (GRPO Ensemble),GRPO,aos-qwen3
432,,,,,,pxowg7x7,AOS-Qwen3-8B (GRPO Ensemble),GRPO,aos-qwen3
433,,,,,,pxowg7x7,AOS-Qwen3-8B (GRPO Ensemble),GRPO,aos-qwen3
434,,,,,,pxowg7x7,AOS-Qwen3-8B (GRPO Ensemble),GRPO,aos-qwen3
435,,,,,,pxowg7x7,AOS-Qwen3-8B (GRPO Ensemble),GRPO,aos-qwen3
436,,,,,,pxowg7x7,AOS-Qwen3-8B (GRPO Ensemble),GRPO,aos-qwen3
437,,,,,,pxowg7x7,AOS-Qwen3-8B (GRPO Ensemble),GRPO,aos-qwen3
438,,,,,,pxowg7x7,AOS-Qwen3-8B (GRPO Ensemble),GRPO,aos-qwen3
439,,,,,,pxowg7x7,AOS-Qwen3-8B (GRPO Ensemble),GRPO,aos-qwen3
440,,,,,,pxowg7x7,AOS-Qwen3-8B (GRPO Ensemble),GRPO,aos-qwen3
441,,,,,,pxowg7x7,AOS-Qwen3-8B (GRPO Ensemble),GRPO,aos-qwen3
442,,,,,,pxowg7x7,AOS-Qwen3-8B (GRPO Ensemble),GRPO,aos-qwen3
443,,,,,,pxowg7x7,AOS-Qwen3-8B (GRPO Ensemble),GRPO,aos-qwen3
444,,,,,,pxowg7x7,AOS-Qwen3-8B (GRPO Ensemble),GRPO,aos-qwen3
445,,,,,,pxowg7x7,AOS-Qwen3-8B (GRPO Ensemble),GRPO,aos-qwen3
446,,,,,,pxowg7x7,AOS-Qwen3-8B (GRPO Ensemble),GRPO,aos-qwen3
447,,,,,,pxowg7x7,AOS-Qwen3-8B (GRPO Ensemble),GRPO,aos-qwen3
448,,,,,,pxowg7x7,AOS-Qwen3-8B (GRPO Ensemble),GRPO,aos-qwen3
449,,,,,,pxowg7x7,AOS-Qwen3-8B (GRPO Ensemble),GRPO,aos-qwen3
450,,,,,,pxowg7x7,AOS-Qwen3-8B (GRPO Ensemble),GRPO,aos-qwen3
451,,,,,,pxowg7x7,AOS-Qwen3-8B (GRPO Ensemble),GRPO,aos-qwen3
452,,,,,,pxowg7x7,AOS-Qwen3-8B (GRPO Ensemble),GRPO,aos-qwen3
453,,,,,,pxowg7x7,AOS-Qwen3-8B (GRPO Ensemble),GRPO,aos-qwen3
454,,,,,,pxowg7x7,AOS-Qwen3-8B (GRPO Ensemble),GRPO,aos-qwen3
455,,,,,,pxowg7x7,AOS-Qwen3-8B (GRPO Ensemble),GRPO,aos-qwen3
456,,,,,,pxowg7x7,AOS-Qwen3-8B (GRPO Ensemble),GRPO,aos-qwen3
457,,,,,,pxowg7x7,AOS-Qwen3-8B (GRPO Ensemble),GRPO,aos-qwen3
458,,,,,,pxowg7x7,AOS-Qwen3-8B (GRPO Ensemble),GRPO,aos-qwen3
459,,,,,,pxowg7x7,AOS-Qwen3-8B (GRPO Ensemble),GRPO,aos-qwen3
460,,,,,,pxowg7x7,AOS-Qwen3-8B (GRPO Ensemble),GRPO,aos-qwen3
461,,,,,,pxowg7x7,AOS-Qwen3-8B (GRPO Ensemble),GRPO,aos-qwen3
462,,,,,,pxowg7x7,AOS-Qwen3-8B (GRPO Ensemble),GRPO,aos-qwen3
463,,,,,,pxowg7x7,AOS-Qwen3-8B (GRPO Ensemble),GRPO,aos-qwen3
464,,,,,,pxowg7x7,AOS-Qwen3-8B (GRPO Ensemble),GRPO,aos-qwen3
465,,,,,,pxowg7x7,AOS-Qwen3-8B (GRPO Ensemble),GRPO,aos-qwen3
466,,,,,,pxowg7x7,AOS-Qwen3-8B (GRPO Ensemble),GRPO,aos-qwen3
467,,,,,,pxowg7x7,AOS-Qwen3-8B (GRPO Ensemble),GRPO,aos-qwen3
468,,,,,,pxowg7x7,AOS-Qwen3-8B (GRPO Ensemble),GRPO,aos-qwen3
469,,,,,,pxowg7x7,AOS-Qwen3-8B (GRPO Ensemble),GRPO,aos-qwen3
470,,,,,,pxowg7x7,AOS-Qwen3-8B (GRPO Ensemble),GRPO,aos-qwen3
471,,,,,,pxowg7x7,AOS-Qwen3-8B (GRPO Ensemble),GRPO,aos-qwen3
472,,,,,,pxowg7x7,AOS-Qwen3-8B (GRPO Ensemble),GRPO,aos-qwen3
473,,,,,,pxowg7x7,AOS-Qwen3-8B (GRPO Ensemble),GRPO,aos-qwen3
474,,,,,,pxowg7x7,AOS-Qwen3-8B (GRPO Ensemble),GRPO,aos-qwen3
475,,,,,,pxowg7x7,AOS-Qwen3-8B (GRPO Ensemble),GRPO,aos-qwen3
476,,,,,,pxowg7x7,AOS-Qwen3-8B (GRPO Ensemble),GRPO,aos-qwen3
477,,,,,,pxowg7x7,AOS-Qwen3-8B (GRPO Ensemble),GRPO,aos-qwen3
478,,,,,,pxowg7x7,AOS-Qwen3-8B (GRPO Ensemble),GRPO,aos-qwen3
479,,,,,,pxowg7x7,AOS-Qwen3-8B (GRPO Ensemble),GRPO,aos-qwen3
480,,,,,,pxowg7x7,AOS-Qwen3-8B (GRPO Ensemble),GRPO,aos-qwen3
481,,,,,,pxowg7x7,AOS-Qwen3-8B (GRPO Ensemble),GRPO,aos-qwen3
482,,,,,,pxowg7x7,AOS-Qwen3-8B (GRPO Ensemble),GRPO,aos-qwen3
483,,,,,,pxowg7x7,AOS-Qwen3-8B (GRPO Ensemble),GRPO,aos-qwen3
484,,,,,,pxowg7x7,AOS-Qwen3-8B (GRPO Ensemble),GRPO,aos-qwen3
485,,,,,,pxowg7x7,AOS-Qwen3-8B (GRPO Ensemble),GRPO,aos-qwen3
486,,,,,,pxowg7x7,AOS-Qwen3-8B (GRPO Ensemble),GRPO,aos-qwen3
487,,,,,,pxowg7x7,AOS-Qwen3-8B (GRPO Ensemble),GRPO,aos-qwen3
488,,,,,,pxowg7x7,AOS-Qwen3-8B (GRPO Ensemble),GRPO,aos-qwen3
489,,,,,,pxowg7x7,AOS-Qwen3-8B (GRPO Ensemble),GRPO,aos-qwen3
490,,,,,,pxowg7x7,AOS-Qwen3-8B (GRPO Ensemble),GRPO,aos-qwen3
491,,,,,,pxowg7x7,AOS-Qwen3-8B (GRPO Ensemble),GRPO,aos-qwen3
492,,,,,,pxowg7x7,AOS-Qwen3-8B (GRPO Ensemble),GRPO,aos-qwen3
493,,,,,,pxowg7x7,AOS-Qwen3-8B (GRPO Ensemble),GRPO,aos-qwen3
494,,,,,,pxowg7x7,AOS-Qwen3-8B (GRPO Ensemble),GRPO,aos-qwen3
495,,,,,,pxowg7x7,AOS-Qwen3-8B (GRPO Ensemble),GRPO,aos-qwen3
496,0.0051,0.3406850904226303,0.03299927545012906,0.3406850904226303,0.0,pxowg7x7,AOS-Qwen3-8B (GRPO Ensemble),GRPO,aos-qwen3
497,,,,,,pxowg7x7,AOS-Qwen3-8B (GRPO Ensemble),GRPO,aos-qwen3
498,,,,,,pxowg7x7,AOS-Qwen3-8B (GRPO Ensemble),GRPO,aos-qwen3
499,,,,,,pxowg7x7,AOS-Qwen3-8B (GRPO Ensemble),GRPO,aos-qwen3
500,,,,,,pxowg7x7,AOS-Qwen3-8B (GRPO Ensemble),GRPO,aos-qwen3
501,,,,,,pxowg7x7,AOS-Qwen3-8B (GRPO Ensemble),GRPO,aos-qwen3
502,,,,,,pxowg7x7,AOS-Qwen3-8B (GRPO Ensemble),GRPO,aos-qwen3
503,,,,,,pxowg7x7,AOS-Qwen3-8B (GRPO Ensemble),GRPO,aos-qwen3
504,,,,,,pxowg7x7,AOS-Qwen3-8B (GRPO Ensemble),GRPO,aos-qwen3
505,,,,,,pxowg7x7,AOS-Qwen3-8B (GRPO Ensemble),GRPO,aos-qwen3
506,,,,,,pxowg7x7,AOS-Qwen3-8B (GRPO Ensemble),GRPO,aos-qwen3
507,,,,,,pxowg7x7,AOS-Qwen3-8B (GRPO Ensemble),GRPO,aos-qwen3
508,,,,,,pxowg7x7,AOS-Qwen3-8B (GRPO Ensemble),GRPO,aos-qwen3
509,,,,,,pxowg7x7,AOS-Qwen3-8B (GRPO Ensemble),GRPO,aos-qwen3
510,,,,,,pxowg7x7,AOS-Qwen3-8B (GRPO Ensemble),GRPO,aos-qwen3
511,,,,,,pxowg7x7,AOS-Qwen3-8B (GRPO Ensemble),GRPO,aos-qwen3
512,,,,,,pxowg7x7,AOS-Qwen3-8B (GRPO Ensemble),GRPO,aos-qwen3
513,,,,,,pxowg7x7,AOS-Qwen3-8B (GRPO Ensemble),GRPO,aos-qwen3
514,,,,,,pxowg7x7,AOS-Qwen3-8B (GRPO Ensemble),GRPO,aos-qwen3
515,,,,,,pxowg7x7,AOS-Qwen3-8B (GRPO Ensemble),GRPO,aos-qwen3
516,,,,,,pxowg7x7,AOS-Qwen3-8B (GRPO Ensemble),GRPO,aos-qwen3
517,,,,,,pxowg7x7,AOS-Qwen3-8B (GRPO Ensemble),GRPO,aos-qwen3
518,,,,,,pxowg7x7,AOS-Qwen3-8B (GRPO Ensemble),GRPO,aos-qwen3
519,,,,,,pxowg7x7,AOS-Qwen3-8B (GRPO Ensemble),GRPO,aos-qwen3
520,,,,,,pxowg7x7,AOS-Qwen3-8B (GRPO Ensemble),GRPO,aos-qwen3
521,,,,,,pxowg7x7,AOS-Qwen3-8B (GRPO Ensemble),GRPO,aos-qwen3
522,,,,,,pxowg7x7,AOS-Qwen3-8B (GRPO Ensemble),GRPO,aos-qwen3
523,,,,,,pxowg7x7,AOS-Qwen3-8B (GRPO Ensemble),GRPO,aos-qwen3
524,,,,,,pxowg7x7,AOS-Qwen3-8B (GRPO Ensemble),GRPO,aos-qwen3
525,,,,,,pxowg7x7,AOS-Qwen3-8B (GRPO Ensemble),GRPO,aos-qwen3
526,,,,,,pxowg7x7,AOS-Qwen3-8B (GRPO Ensemble),GRPO,aos-qwen3
527,,,,,,pxowg7x7,AOS-Qwen3-8B (GRPO Ensemble),GRPO,aos-qwen3
528,,,,,,pxowg7x7,AOS-Qwen3-8B (GRPO Ensemble),GRPO,aos-qwen3
529,,,,,,pxowg7x7,AOS-Qwen3-8B (GRPO Ensemble),GRPO,aos-qwen3
530,,,,,,pxowg7x7,AOS-Qwen3-8B (GRPO Ensemble),GRPO,aos-qwen3
531,,,,,,pxowg7x7,AOS-Qwen3-8B (GRPO Ensemble),GRPO,aos-qwen3
532,,,,,,pxowg7x7,AOS-Qwen3-8B (GRPO Ensemble),GRPO,aos-qwen3
533,,,,,,pxowg7x7,AOS-Qwen3-8B (GRPO Ensemble),GRPO,aos-qwen3
534,,,,,,pxowg7x7,AOS-Qwen3-8B (GRPO Ensemble),GRPO,aos-qwen3
535,,,,,,pxowg7x7,AOS-Qwen3-8B (GRPO Ensemble),GRPO,aos-qwen3
536,,,,,,pxowg7x7,AOS-Qwen3-8B (GRPO Ensemble),GRPO,aos-qwen3
537,,,,,,pxowg7x7,AOS-Qwen3-8B (GRPO Ensemble),GRPO,aos-qwen3
538,,,,,,pxowg7x7,AOS-Qwen3-8B (GRPO Ensemble),GRPO,aos-qwen3
539,,,,,,pxowg7x7,AOS-Qwen3-8B (GRPO Ensemble),GRPO,aos-qwen3
540,,,,,,pxowg7x7,AOS-Qwen3-8B (GRPO Ensemble),GRPO,aos-qwen3
541,,,,,,pxowg7x7,AOS-Qwen3-8B (GRPO Ensemble),GRPO,aos-qwen3
542,,,,,,pxowg7x7,AOS-Qwen3-8B (GRPO Ensemble),GRPO,aos-qwen3
543,,,,,,pxowg7x7,AOS-Qwen3-8B (GRPO Ensemble),GRPO,aos-qwen3
544,,,,,,pxowg7x7,AOS-Qwen3-8B (GRPO Ensemble),GRPO,aos-qwen3
545,,,,,,pxowg7x7,AOS-Qwen3-8B (GRPO Ensemble),GRPO,aos-qwen3
546,,,,,,pxowg7x7,AOS-Qwen3-8B (GRPO Ensemble),GRPO,aos-qwen3
547,,,,,,pxowg7x7,AOS-Qwen3-8B (GRPO Ensemble),GRPO,aos-qwen3
548,,,,,,pxowg7x7,AOS-Qwen3-8B (GRPO Ensemble),GRPO,aos-qwen3
549,,,,,,pxowg7x7,AOS-Qwen3-8B (GRPO Ensemble),GRPO,aos-qwen3
550,,,,,,pxowg7x7,AOS-Qwen3-8B (GRPO Ensemble),GRPO,aos-qwen3
551,,,,,,pxowg7x7,AOS-Qwen3-8B (GRPO Ensemble),GRPO,aos-qwen3
552,,,,,,pxowg7x7,AOS-Qwen3-8B (GRPO Ensemble),GRPO,aos-qwen3
553,,,,,,pxowg7x7,AOS-Qwen3-8B (GRPO Ensemble),GRPO,aos-qwen3
554,,,,,,pxowg7x7,AOS-Qwen3-8B (GRPO Ensemble),GRPO,aos-qwen3
555,,,,,,pxowg7x7,AOS-Qwen3-8B (GRPO Ensemble),GRPO,aos-qwen3
556,,,,,,pxowg7x7,AOS-Qwen3-8B (GRPO Ensemble),GRPO,aos-qwen3
557,,,,,,pxowg7x7,AOS-Qwen3-8B (GRPO Ensemble),GRPO,aos-qwen3
558,,,,,,pxowg7x7,AOS-Qwen3-8B (GRPO Ensemble),GRPO,aos-qwen3
559,,,,,,pxowg7x7,AOS-Qwen3-8B (GRPO Ensemble),GRPO,aos-qwen3
560,,,,,,pxowg7x7,AOS-Qwen3-8B (GRPO Ensemble),GRPO,aos-qwen3
561,,,,,,pxowg7x7,AOS-Qwen3-8B (GRPO Ensemble),GRPO,aos-qwen3
562,,,,,,pxowg7x7,AOS-Qwen3-8B (GRPO Ensemble),GRPO,aos-qwen3
563,,,,,,pxowg7x7,AOS-Qwen3-8B (GRPO Ensemble),GRPO,aos-qwen3
564,,,,,,pxowg7x7,AOS-Qwen3-8B (GRPO Ensemble),GRPO,aos-qwen3
565,,,,,,pxowg7x7,AOS-Qwen3-8B (GRPO Ensemble),GRPO,aos-qwen3
566,,,,,,pxowg7x7,AOS-Qwen3-8B (GRPO Ensemble),GRPO,aos-qwen3
567,0.0139,0.3425426483154297,0.0281035422347486,0.3425426483154297,0.0,pxowg7x7,AOS-Qwen3-8B (GRPO Ensemble),GRPO,aos-qwen3
568,,,,,,pxowg7x7,AOS-Qwen3-8B (GRPO Ensemble),GRPO,aos-qwen3
569,,,,,,pxowg7x7,AOS-Qwen3-8B (GRPO Ensemble),GRPO,aos-qwen3
570,,,,,,pxowg7x7,AOS-Qwen3-8B (GRPO Ensemble),GRPO,aos-qwen3
571,,,,,,pxowg7x7,AOS-Qwen3-8B (GRPO Ensemble),GRPO,aos-qwen3
572,,,,,,pxowg7x7,AOS-Qwen3-8B (GRPO Ensemble),GRPO,aos-qwen3
573,,,,,,pxowg7x7,AOS-Qwen3-8B (GRPO Ensemble),GRPO,aos-qwen3
574,,,,,,pxowg7x7,AOS-Qwen3-8B (GRPO Ensemble),GRPO,aos-qwen3
575,,,,,,pxowg7x7,AOS-Qwen3-8B (GRPO Ensemble),GRPO,aos-qwen3
576,,,,,,pxowg7x7,AOS-Qwen3-8B (GRPO Ensemble),GRPO,aos-qwen3
577,,,,,,pxowg7x7,AOS-Qwen3-8B (GRPO Ensemble),GRPO,aos-qwen3
578,,,,,,pxowg7x7,AOS-Qwen3-8B (GRPO Ensemble),GRPO,aos-qwen3
579,,,,,,pxowg7x7,AOS-Qwen3-8B (GRPO Ensemble),GRPO,aos-qwen3
580,,,,,,pxowg7x7,AOS-Qwen3-8B (GRPO Ensemble),GRPO,aos-qwen3
581,,,,,,pxowg7x7,AOS-Qwen3-8B (GRPO Ensemble),GRPO,aos-qwen3
582,,,,,,pxowg7x7,AOS-Qwen3-8B (GRPO Ensemble),GRPO,aos-qwen3
583,,,,,,pxowg7x7,AOS-Qwen3-8B (GRPO Ensemble),GRPO,aos-qwen3
584,,,,,,pxowg7x7,AOS-Qwen3-8B (GRPO Ensemble),GRPO,aos-qwen3
585,,,,,,pxowg7x7,AOS-Qwen3-8B (GRPO Ensemble),GRPO,aos-qwen3
586,,,,,,pxowg7x7,AOS-Qwen3-8B (GRPO Ensemble),GRPO,aos-qwen3
587,,,,,,pxowg7x7,AOS-Qwen3-8B (GRPO Ensemble),GRPO,aos-qwen3
588,,,,,,pxowg7x7,AOS-Qwen3-8B (GRPO Ensemble),GRPO,aos-qwen3
589,,,,,,pxowg7x7,AOS-Qwen3-8B (GRPO Ensemble),GRPO,aos-qwen3
590,,,,,,pxowg7x7,AOS-Qwen3-8B (GRPO Ensemble),GRPO,aos-qwen3
591,,,,,,pxowg7x7,AOS-Qwen3-8B (GRPO Ensemble),GRPO,aos-qwen3
592,,,,,,pxowg7x7,AOS-Qwen3-8B (GRPO Ensemble),GRPO,aos-qwen3
593,,,,,,pxowg7x7,AOS-Qwen3-8B (GRPO Ensemble),GRPO,aos-qwen3
594,,,,,,pxowg7x7,AOS-Qwen3-8B (GRPO Ensemble),GRPO,aos-qwen3
595,,,,,,pxowg7x7,AOS-Qwen3-8B (GRPO Ensemble),GRPO,aos-qwen3
596,,,,,,pxowg7x7,AOS-Qwen3-8B (GRPO Ensemble),GRPO,aos-qwen3
597,,,,,,pxowg7x7,AOS-Qwen3-8B (GRPO Ensemble),GRPO,aos-qwen3
598,,,,,,pxowg7x7,AOS-Qwen3-8B (GRPO Ensemble),GRPO,aos-qwen3
599,,,,,,pxowg7x7,AOS-Qwen3-8B (GRPO Ensemble),GRPO,aos-qwen3
600,,,,,,pxowg7x7,AOS-Qwen3-8B (GRPO Ensemble),GRPO,aos-qwen3
601,,,,,,pxowg7x7,AOS-Qwen3-8B (GRPO Ensemble),GRPO,aos-qwen3
602,,,,,,pxowg7x7,AOS-Qwen3-8B (GRPO Ensemble),GRPO,aos-qwen3
603,,,,,,pxowg7x7,AOS-Qwen3-8B (GRPO Ensemble),GRPO,aos-qwen3
604,,,,,,pxowg7x7,AOS-Qwen3-8B (GRPO Ensemble),GRPO,aos-qwen3
605,,,,,,pxowg7x7,AOS-Qwen3-8B (GRPO Ensemble),GRPO,aos-qwen3
606,,,,,,pxowg7x7,AOS-Qwen3-8B (GRPO Ensemble),GRPO,aos-qwen3
607,,,,,,pxowg7x7,AOS-Qwen3-8B (GRPO Ensemble),GRPO,aos-qwen3
608,,,,,,pxowg7x7,AOS-Qwen3-8B (GRPO Ensemble),GRPO,aos-qwen3
609,,,,,,pxowg7x7,AOS-Qwen3-8B (GRPO Ensemble),GRPO,aos-qwen3
610,,,,,,pxowg7x7,AOS-Qwen3-8B (GRPO Ensemble),GRPO,aos-qwen3
611,,,,,,pxowg7x7,AOS-Qwen3-8B (GRPO Ensemble),GRPO,aos-qwen3
612,,,,,,pxowg7x7,AOS-Qwen3-8B (GRPO Ensemble),GRPO,aos-qwen3
613,,,,,,pxowg7x7,AOS-Qwen3-8B (GRPO Ensemble),GRPO,aos-qwen3
614,,,,,,pxowg7x7,AOS-Qwen3-8B (GRPO Ensemble),GRPO,aos-qwen3
615,,,,,,pxowg7x7,AOS-Qwen3-8B (GRPO Ensemble),GRPO,aos-qwen3
616,,,,,,pxowg7x7,AOS-Qwen3-8B (GRPO Ensemble),GRPO,aos-qwen3
617,,,,,,pxowg7x7,AOS-Qwen3-8B (GRPO Ensemble),GRPO,aos-qwen3
618,,,,,,pxowg7x7,AOS-Qwen3-8B (GRPO Ensemble),GRPO,aos-qwen3
619,,,,,,pxowg7x7,AOS-Qwen3-8B (GRPO Ensemble),GRPO,aos-qwen3
620,,,,,,pxowg7x7,AOS-Qwen3-8B (GRPO Ensemble),GRPO,aos-qwen3
621,,,,,,pxowg7x7,AOS-Qwen3-8B (GRPO Ensemble),GRPO,aos-qwen3
622,,,,,,pxowg7x7,AOS-Qwen3-8B (GRPO Ensemble),GRPO,aos-qwen3
623,,,,,,pxowg7x7,AOS-Qwen3-8B (GRPO Ensemble),GRPO,aos-qwen3
624,,,,,,pxowg7x7,AOS-Qwen3-8B (GRPO Ensemble),GRPO,aos-qwen3
625,,,,,,pxowg7x7,AOS-Qwen3-8B (GRPO Ensemble),GRPO,aos-qwen3
626,,,,,,pxowg7x7,AOS-Qwen3-8B (GRPO Ensemble),GRPO,aos-qwen3
627,,,,,,pxowg7x7,AOS-Qwen3-8B (GRPO Ensemble),GRPO,aos-qwen3
628,,,,,,pxowg7x7,AOS-Qwen3-8B (GRPO Ensemble),GRPO,aos-qwen3
629,,,,,,pxowg7x7,AOS-Qwen3-8B (GRPO Ensemble),GRPO,aos-qwen3
630,,,,,,pxowg7x7,AOS-Qwen3-8B (GRPO Ensemble),GRPO,aos-qwen3
631,,,,,,pxowg7x7,AOS-Qwen3-8B (GRPO Ensemble),GRPO,aos-qwen3
632,,,,,,pxowg7x7,AOS-Qwen3-8B (GRPO Ensemble),GRPO,aos-qwen3
633,,,,,,pxowg7x7,AOS-Qwen3-8B (GRPO Ensemble),GRPO,aos-qwen3
634,,,,,,pxowg7x7,AOS-Qwen3-8B (GRPO Ensemble),GRPO,aos-qwen3
635,,,,,,pxowg7x7,AOS-Qwen3-8B (GRPO Ensemble),GRPO,aos-qwen3
636,,,,,,pxowg7x7,AOS-Qwen3-8B (GRPO Ensemble),GRPO,aos-qwen3
637,,,,,,pxowg7x7,AOS-Qwen3-8B (GRPO Ensemble),GRPO,aos-qwen3
638,0.0175,0.3492578536272049,0.018180076335556804,0.3492578536272049,0.0,pxowg7x7,AOS-Qwen3-8B (GRPO Ensemble),GRPO,aos-qwen3
639,,,,,,pxowg7x7,AOS-Qwen3-8B (GRPO Ensemble),GRPO,aos-qwen3
640,,,,,,pxowg7x7,AOS-Qwen3-8B (GRPO Ensemble),GRPO,aos-qwen3
641,,,,,,pxowg7x7,AOS-Qwen3-8B (GRPO Ensemble),GRPO,aos-qwen3
642,,,,,,pxowg7x7,AOS-Qwen3-8B (GRPO Ensemble),GRPO,aos-qwen3
643,,,,,,pxowg7x7,AOS-Qwen3-8B (GRPO Ensemble),GRPO,aos-qwen3
644,,,,,,pxowg7x7,AOS-Qwen3-8B (GRPO Ensemble),GRPO,aos-qwen3
645,,,,,,pxowg7x7,AOS-Qwen3-8B (GRPO Ensemble),GRPO,aos-qwen3
646,,,,,,pxowg7x7,AOS-Qwen3-8B (GRPO Ensemble),GRPO,aos-qwen3
647,,,,,,pxowg7x7,AOS-Qwen3-8B (GRPO Ensemble),GRPO,aos-qwen3
648,,,,,,pxowg7x7,AOS-Qwen3-8B (GRPO Ensemble),GRPO,aos-qwen3
649,,,,,,pxowg7x7,AOS-Qwen3-8B (GRPO Ensemble),GRPO,aos-qwen3
650,,,,,,pxowg7x7,AOS-Qwen3-8B (GRPO Ensemble),GRPO,aos-qwen3
651,,,,,,pxowg7x7,AOS-Qwen3-8B (GRPO Ensemble),GRPO,aos-qwen3
652,,,,,,pxowg7x7,AOS-Qwen3-8B (GRPO Ensemble),GRPO,aos-qwen3
653,,,,,,pxowg7x7,AOS-Qwen3-8B (GRPO Ensemble),GRPO,aos-qwen3
654,,,,,,pxowg7x7,AOS-Qwen3-8B (GRPO Ensemble),GRPO,aos-qwen3
655,,,,,,pxowg7x7,AOS-Qwen3-8B (GRPO Ensemble),GRPO,aos-qwen3
656,,,,,,pxowg7x7,AOS-Qwen3-8B (GRPO Ensemble),GRPO,aos-qwen3
657,,,,,,pxowg7x7,AOS-Qwen3-8B (GRPO Ensemble),GRPO,aos-qwen3
658,,,,,,pxowg7x7,AOS-Qwen3-8B (GRPO Ensemble),GRPO,aos-qwen3
659,,,,,,pxowg7x7,AOS-Qwen3-8B (GRPO Ensemble),GRPO,aos-qwen3
660,,,,,,pxowg7x7,AOS-Qwen3-8B (GRPO Ensemble),GRPO,aos-qwen3
661,,,,,,pxowg7x7,AOS-Qwen3-8B (GRPO Ensemble),GRPO,aos-qwen3
662,,,,,,pxowg7x7,AOS-Qwen3-8B (GRPO Ensemble),GRPO,aos-qwen3
663,,,,,,pxowg7x7,AOS-Qwen3-8B (GRPO Ensemble),GRPO,aos-qwen3
664,,,,,,pxowg7x7,AOS-Qwen3-8B (GRPO Ensemble),GRPO,aos-qwen3
665,,,,,,pxowg7x7,AOS-Qwen3-8B (GRPO Ensemble),GRPO,aos-qwen3
666,,,,,,pxowg7x7,AOS-Qwen3-8B (GRPO Ensemble),GRPO,aos-qwen3
667,,,,,,pxowg7x7,AOS-Qwen3-8B (GRPO Ensemble),GRPO,aos-qwen3
668,,,,,,pxowg7x7,AOS-Qwen3-8B (GRPO Ensemble),GRPO,aos-qwen3
669,,,,,,pxowg7x7,AOS-Qwen3-8B (GRPO Ensemble),GRPO,aos-qwen3
670,,,,,,pxowg7x7,AOS-Qwen3-8B (GRPO Ensemble),GRPO,aos-qwen3
671,,,,,,pxowg7x7,AOS-Qwen3-8B (GRPO Ensemble),GRPO,aos-qwen3
672,,,,,,pxowg7x7,AOS-Qwen3-8B (GRPO Ensemble),GRPO,aos-qwen3
673,,,,,,pxowg7x7,AOS-Qwen3-8B (GRPO Ensemble),GRPO,aos-qwen3
674,,,,,,pxowg7x7,AOS-Qwen3-8B (GRPO Ensemble),GRPO,aos-qwen3
675,,,,,,pxowg7x7,AOS-Qwen3-8B (GRPO Ensemble),GRPO,aos-qwen3
676,,,,,,pxowg7x7,AOS-Qwen3-8B (GRPO Ensemble),GRPO,aos-qwen3
677,,,,,,pxowg7x7,AOS-Qwen3-8B (GRPO Ensemble),GRPO,aos-qwen3
678,,,,,,pxowg7x7,AOS-Qwen3-8B (GRPO Ensemble),GRPO,aos-qwen3
679,,,,,,pxowg7x7,AOS-Qwen3-8B (GRPO Ensemble),GRPO,aos-qwen3
680,,,,,,pxowg7x7,AOS-Qwen3-8B (GRPO Ensemble),GRPO,aos-qwen3
681,,,,,,pxowg7x7,AOS-Qwen3-8B (GRPO Ensemble),GRPO,aos-qwen3
682,,,,,,pxowg7x7,AOS-Qwen3-8B (GRPO Ensemble),GRPO,aos-qwen3
683,,,,,,pxowg7x7,AOS-Qwen3-8B (GRPO Ensemble),GRPO,aos-qwen3
684,,,,,,pxowg7x7,AOS-Qwen3-8B (GRPO Ensemble),GRPO,aos-qwen3
685,,,,,,pxowg7x7,AOS-Qwen3-8B (GRPO Ensemble),GRPO,aos-qwen3
686,,,,,,pxowg7x7,AOS-Qwen3-8B (GRPO Ensemble),GRPO,aos-qwen3
687,,,,,,pxowg7x7,AOS-Qwen3-8B (GRPO Ensemble),GRPO,aos-qwen3
688,,,,,,pxowg7x7,AOS-Qwen3-8B (GRPO Ensemble),GRPO,aos-qwen3
689,,,,,,pxowg7x7,AOS-Qwen3-8B (GRPO Ensemble),GRPO,aos-qwen3
690,,,,,,pxowg7x7,AOS-Qwen3-8B (GRPO Ensemble),GRPO,aos-qwen3
691,,,,,,pxowg7x7,AOS-Qwen3-8B (GRPO Ensemble),GRPO,aos-qwen3
692,,,,,,pxowg7x7,AOS-Qwen3-8B (GRPO Ensemble),GRPO,aos-qwen3
693,,,,,,pxowg7x7,AOS-Qwen3-8B (GRPO Ensemble),GRPO,aos-qwen3
694,,,,,,pxowg7x7,AOS-Qwen3-8B (GRPO Ensemble),GRPO,aos-qwen3
695,,,,,,pxowg7x7,AOS-Qwen3-8B (GRPO Ensemble),GRPO,aos-qwen3
696,,,,,,pxowg7x7,AOS-Qwen3-8B (GRPO Ensemble),GRPO,aos-qwen3
697,,,,,,pxowg7x7,AOS-Qwen3-8B (GRPO Ensemble),GRPO,aos-qwen3
698,,,,,,pxowg7x7,AOS-Qwen3-8B (GRPO Ensemble),GRPO,aos-qwen3
699,,,,,,pxowg7x7,AOS-Qwen3-8B (GRPO Ensemble),GRPO,aos-qwen3
700,,,,,,pxowg7x7,AOS-Qwen3-8B (GRPO Ensemble),GRPO,aos-qwen3
701,,,,,,pxowg7x7,AOS-Qwen3-8B (GRPO Ensemble),GRPO,aos-qwen3
702,,,,,,pxowg7x7,AOS-Qwen3-8B (GRPO Ensemble),GRPO,aos-qwen3
703,,,,,,pxowg7x7,AOS-Qwen3-8B (GRPO Ensemble),GRPO,aos-qwen3
704,,,,,,pxowg7x7,AOS-Qwen3-8B (GRPO Ensemble),GRPO,aos-qwen3
705,,,,,,pxowg7x7,AOS-Qwen3-8B (GRPO Ensemble),GRPO,aos-qwen3
706,,,,,,pxowg7x7,AOS-Qwen3-8B (GRPO Ensemble),GRPO,aos-qwen3
707,,,,,,pxowg7x7,AOS-Qwen3-8B (GRPO Ensemble),GRPO,aos-qwen3
708,,,,,,pxowg7x7,AOS-Qwen3-8B (GRPO Ensemble),GRPO,aos-qwen3
709,0.0292,0.37999861538410185,0.00942629600649525,0.37999861538410185,0.0,pxowg7x7,AOS-Qwen3-8B (GRPO Ensemble),GRPO,aos-qwen3
710,,,,,,pxowg7x7,AOS-Qwen3-8B (GRPO Ensemble),GRPO,aos-qwen3
711,,,,,,pxowg7x7,AOS-Qwen3-8B (GRPO Ensemble),GRPO,aos-qwen3
712,,,,,,pxowg7x7,AOS-Qwen3-8B (GRPO Ensemble),GRPO,aos-qwen3
713,,,,,,pxowg7x7,AOS-Qwen3-8B (GRPO Ensemble),GRPO,aos-qwen3
714,,,,,,pxowg7x7,AOS-Qwen3-8B (GRPO Ensemble),GRPO,aos-qwen3
715,,,,,,pxowg7x7,AOS-Qwen3-8B (GRPO Ensemble),GRPO,aos-qwen3
716,,,,,,pxowg7x7,AOS-Qwen3-8B (GRPO Ensemble),GRPO,aos-qwen3
717,,,,,,pxowg7x7,AOS-Qwen3-8B (GRPO Ensemble),GRPO,aos-qwen3
718,,,,,,pxowg7x7,AOS-Qwen3-8B (GRPO Ensemble),GRPO,aos-qwen3
719,,,,,,pxowg7x7,AOS-Qwen3-8B (GRPO Ensemble),GRPO,aos-qwen3
720,,,,,,pxowg7x7,AOS-Qwen3-8B (GRPO Ensemble),GRPO,aos-qwen3
721,,,,,,pxowg7x7,AOS-Qwen3-8B (GRPO Ensemble),GRPO,aos-qwen3
722,,,,,,pxowg7x7,AOS-Qwen3-8B (GRPO Ensemble),GRPO,aos-qwen3
723,,,,,,pxowg7x7,AOS-Qwen3-8B (GRPO Ensemble),GRPO,aos-qwen3
724,,,,,,pxowg7x7,AOS-Qwen3-8B (GRPO Ensemble),GRPO,aos-qwen3
725,,,,,,pxowg7x7,AOS-Qwen3-8B (GRPO Ensemble),GRPO,aos-qwen3
726,,,,,,pxowg7x7,AOS-Qwen3-8B (GRPO Ensemble),GRPO,aos-qwen3
727,,,,,,pxowg7x7,AOS-Qwen3-8B (GRPO Ensemble),GRPO,aos-qwen3
728,,,,,,pxowg7x7,AOS-Qwen3-8B (GRPO Ensemble),GRPO,aos-qwen3
729,,,,,,pxowg7x7,AOS-Qwen3-8B (GRPO Ensemble),GRPO,aos-qwen3
730,,,,,,pxowg7x7,AOS-Qwen3-8B (GRPO Ensemble),GRPO,aos-qwen3
731,,,,,,pxowg7x7,AOS-Qwen3-8B (GRPO Ensemble),GRPO,aos-qwen3
732,,,,,,pxowg7x7,AOS-Qwen3-8B (GRPO Ensemble),GRPO,aos-qwen3
733,,,,,,pxowg7x7,AOS-Qwen3-8B (GRPO Ensemble),GRPO,aos-qwen3
734,,,,,,pxowg7x7,AOS-Qwen3-8B (GRPO Ensemble),GRPO,aos-qwen3
735,,,,,,pxowg7x7,AOS-Qwen3-8B (GRPO Ensemble),GRPO,aos-qwen3
736,,,,,,pxowg7x7,AOS-Qwen3-8B (GRPO Ensemble),GRPO,aos-qwen3
737,,,,,,pxowg7x7,AOS-Qwen3-8B (GRPO Ensemble),GRPO,aos-qwen3
738,,,,,,pxowg7x7,AOS-Qwen3-8B (GRPO Ensemble),GRPO,aos-qwen3
739,,,,,,pxowg7x7,AOS-Qwen3-8B (GRPO Ensemble),GRPO,aos-qwen3
740,,,,,,pxowg7x7,AOS-Qwen3-8B (GRPO Ensemble),GRPO,aos-qwen3
741,,,,,,pxowg7x7,AOS-Qwen3-8B (GRPO Ensemble),GRPO,aos-qwen3
742,,,,,,pxowg7x7,AOS-Qwen3-8B (GRPO Ensemble),GRPO,aos-qwen3
743,,,,,,pxowg7x7,AOS-Qwen3-8B (GRPO Ensemble),GRPO,aos-qwen3
744,,,,,,pxowg7x7,AOS-Qwen3-8B (GRPO Ensemble),GRPO,aos-qwen3
745,,,,,,pxowg7x7,AOS-Qwen3-8B (GRPO Ensemble),GRPO,aos-qwen3
746,,,,,,pxowg7x7,AOS-Qwen3-8B (GRPO Ensemble),GRPO,aos-qwen3
747,,,,,,pxowg7x7,AOS-Qwen3-8B (GRPO Ensemble),GRPO,aos-qwen3
748,,,,,,pxowg7x7,AOS-Qwen3-8B (GRPO Ensemble),GRPO,aos-qwen3
749,,,,,,pxowg7x7,AOS-Qwen3-8B (GRPO Ensemble),GRPO,aos-qwen3
750,,,,,,pxowg7x7,AOS-Qwen3-8B (GRPO Ensemble),GRPO,aos-qwen3
751,,,,,,pxowg7x7,AOS-Qwen3-8B (GRPO Ensemble),GRPO,aos-qwen3
752,,,,,,pxowg7x7,AOS-Qwen3-8B (GRPO Ensemble),GRPO,aos-qwen3
753,,,,,,pxowg7x7,AOS-Qwen3-8B (GRPO Ensemble),GRPO,aos-qwen3
754,,,,,,pxowg7x7,AOS-Qwen3-8B (GRPO Ensemble),GRPO,aos-qwen3
755,,,,,,pxowg7x7,AOS-Qwen3-8B (GRPO Ensemble),GRPO,aos-qwen3
756,,,,,,pxowg7x7,AOS-Qwen3-8B (GRPO Ensemble),GRPO,aos-qwen3
757,,,,,,pxowg7x7,AOS-Qwen3-8B (GRPO Ensemble),GRPO,aos-qwen3
758,,,,,,pxowg7x7,AOS-Qwen3-8B (GRPO Ensemble),GRPO,aos-qwen3
759,,,,,,pxowg7x7,AOS-Qwen3-8B (GRPO Ensemble),GRPO,aos-qwen3
760,,,,,,pxowg7x7,AOS-Qwen3-8B (GRPO Ensemble),GRPO,aos-qwen3
761,,,,,,pxowg7x7,AOS-Qwen3-8B (GRPO Ensemble),GRPO,aos-qwen3
762,,,,,,pxowg7x7,AOS-Qwen3-8B (GRPO Ensemble),GRPO,aos-qwen3
763,,,,,,pxowg7x7,AOS-Qwen3-8B (GRPO Ensemble),GRPO,aos-qwen3
764,,,,,,pxowg7x7,AOS-Qwen3-8B (GRPO Ensemble),GRPO,aos-qwen3
765,,,,,,pxowg7x7,AOS-Qwen3-8B (GRPO Ensemble),GRPO,aos-qwen3
766,,,,,,pxowg7x7,AOS-Qwen3-8B (GRPO Ensemble),GRPO,aos-qwen3
767,,,,,,pxowg7x7,AOS-Qwen3-8B (GRPO Ensemble),GRPO,aos-qwen3
768,,,,,,pxowg7x7,AOS-Qwen3-8B (GRPO Ensemble),GRPO,aos-qwen3
769,,,,,,pxowg7x7,AOS-Qwen3-8B (GRPO Ensemble),GRPO,aos-qwen3
770,,,,,,pxowg7x7,AOS-Qwen3-8B (GRPO Ensemble),GRPO,aos-qwen3
771,,,,,,pxowg7x7,AOS-Qwen3-8B (GRPO Ensemble),GRPO,aos-qwen3
772,,,,,,pxowg7x7,AOS-Qwen3-8B (GRPO Ensemble),GRPO,aos-qwen3
773,,,,,,pxowg7x7,AOS-Qwen3-8B (GRPO Ensemble),GRPO,aos-qwen3
774,,,,,,pxowg7x7,AOS-Qwen3-8B (GRPO Ensemble),GRPO,aos-qwen3
775,,,,,,pxowg7x7,AOS-Qwen3-8B (GRPO Ensemble),GRPO,aos-qwen3
776,,,,,,pxowg7x7,AOS-Qwen3-8B (GRPO Ensemble),GRPO,aos-qwen3
777,,,,,,pxowg7x7,AOS-Qwen3-8B (GRPO Ensemble),GRPO,aos-qwen3
778,,,,,,pxowg7x7,AOS-Qwen3-8B (GRPO Ensemble),GRPO,aos-qwen3
779,,,,,,pxowg7x7,AOS-Qwen3-8B (GRPO Ensemble),GRPO,aos-qwen3
780,-0.0383,0.36787775456905364,0.019831092905042168,0.36787775456905364,0.0,pxowg7x7,AOS-Qwen3-8B (GRPO Ensemble),GRPO,aos-qwen3
781,,,,,,pxowg7x7,AOS-Qwen3-8B (GRPO Ensemble),GRPO,aos-qwen3
782,,,,,,pxowg7x7,AOS-Qwen3-8B (GRPO Ensemble),GRPO,aos-qwen3
783,,,,,,pxowg7x7,AOS-Qwen3-8B (GRPO Ensemble),GRPO,aos-qwen3
784,,,,,,pxowg7x7,AOS-Qwen3-8B (GRPO Ensemble),GRPO,aos-qwen3
785,,,,,,pxowg7x7,AOS-Qwen3-8B (GRPO Ensemble),GRPO,aos-qwen3
786,,,,,,pxowg7x7,AOS-Qwen3-8B (GRPO Ensemble),GRPO,aos-qwen3
787,,,,,,pxowg7x7,AOS-Qwen3-8B (GRPO Ensemble),GRPO,aos-qwen3
788,,,,,,pxowg7x7,AOS-Qwen3-8B (GRPO Ensemble),GRPO,aos-qwen3
789,,,,,,pxowg7x7,AOS-Qwen3-8B (GRPO Ensemble),GRPO,aos-qwen3
790,,,,,,pxowg7x7,AOS-Qwen3-8B (GRPO Ensemble),GRPO,aos-qwen3
791,,,,,,pxowg7x7,AOS-Qwen3-8B (GRPO Ensemble),GRPO,aos-qwen3
792,,,,,,pxowg7x7,AOS-Qwen3-8B (GRPO Ensemble),GRPO,aos-qwen3
793,,,,,,pxowg7x7,AOS-Qwen3-8B (GRPO Ensemble),GRPO,aos-qwen3
794,,,,,,pxowg7x7,AOS-Qwen3-8B (GRPO Ensemble),GRPO,aos-qwen3
795,,,,,,pxowg7x7,AOS-Qwen3-8B (GRPO Ensemble),GRPO,aos-qwen3
796,,,,,,pxowg7x7,AOS-Qwen3-8B (GRPO Ensemble),GRPO,aos-qwen3
797,,,,,,pxowg7x7,AOS-Qwen3-8B (GRPO Ensemble),GRPO,aos-qwen3
798,,,,,,pxowg7x7,AOS-Qwen3-8B (GRPO Ensemble),GRPO,aos-qwen3
799,,,,,,pxowg7x7,AOS-Qwen3-8B (GRPO Ensemble),GRPO,aos-qwen3
800,,,,,,pxowg7x7,AOS-Qwen3-8B (GRPO Ensemble),GRPO,aos-qwen3
801,,,,,,pxowg7x7,AOS-Qwen3-8B (GRPO Ensemble),GRPO,aos-qwen3
802,,,,,,pxowg7x7,AOS-Qwen3-8B (GRPO Ensemble),GRPO,aos-qwen3
803,,,,,,pxowg7x7,AOS-Qwen3-8B (GRPO Ensemble),GRPO,aos-qwen3
804,,,,,,pxowg7x7,AOS-Qwen3-8B (GRPO Ensemble),GRPO,aos-qwen3
805,,,,,,pxowg7x7,AOS-Qwen3-8B (GRPO Ensemble),GRPO,aos-qwen3
806,,,,,,pxowg7x7,AOS-Qwen3-8B (GRPO Ensemble),GRPO,aos-qwen3
807,,,,,,pxowg7x7,AOS-Qwen3-8B (GRPO Ensemble),GRPO,aos-qwen3
808,,,,,,pxowg7x7,AOS-Qwen3-8B (GRPO Ensemble),GRPO,aos-qwen3
809,,,,,,pxowg7x7,AOS-Qwen3-8B (GRPO Ensemble),GRPO,aos-qwen3
810,,,,,,pxowg7x7,AOS-Qwen3-8B (GRPO Ensemble),GRPO,aos-qwen3
811,,,,,,pxowg7x7,AOS-Qwen3-8B (GRPO Ensemble),GRPO,aos-qwen3
812,,,,,,pxowg7x7,AOS-Qwen3-8B (GRPO Ensemble),GRPO,aos-qwen3
813,,,,,,pxowg7x7,AOS-Qwen3-8B (GRPO Ensemble),GRPO,aos-qwen3
814,,,,,,pxowg7x7,AOS-Qwen3-8B (GRPO Ensemble),GRPO,aos-qwen3
815,,,,,,pxowg7x7,AOS-Qwen3-8B (GRPO Ensemble),GRPO,aos-qwen3
816,,,,,,pxowg7x7,AOS-Qwen3-8B (GRPO Ensemble),GRPO,aos-qwen3
817,,,,,,pxowg7x7,AOS-Qwen3-8B (GRPO Ensemble),GRPO,aos-qwen3
818,,,,,,pxowg7x7,AOS-Qwen3-8B (GRPO Ensemble),GRPO,aos-qwen3
819,,,,,,pxowg7x7,AOS-Qwen3-8B (GRPO Ensemble),GRPO,aos-qwen3
820,,,,,,pxowg7x7,AOS-Qwen3-8B (GRPO Ensemble),GRPO,aos-qwen3
821,,,,,,pxowg7x7,AOS-Qwen3-8B (GRPO Ensemble),GRPO,aos-qwen3
822,,,,,,pxowg7x7,AOS-Qwen3-8B (GRPO Ensemble),GRPO,aos-qwen3
823,,,,,,pxowg7x7,AOS-Qwen3-8B (GRPO Ensemble),GRPO,aos-qwen3
824,,,,,,pxowg7x7,AOS-Qwen3-8B (GRPO Ensemble),GRPO,aos-qwen3
825,,,,,,pxowg7x7,AOS-Qwen3-8B (GRPO Ensemble),GRPO,aos-qwen3
826,,,,,,pxowg7x7,AOS-Qwen3-8B (GRPO Ensemble),GRPO,aos-qwen3
827,,,,,,pxowg7x7,AOS-Qwen3-8B (GRPO Ensemble),GRPO,aos-qwen3
828,,,,,,pxowg7x7,AOS-Qwen3-8B (GRPO Ensemble),GRPO,aos-qwen3
829,,,,,,pxowg7x7,AOS-Qwen3-8B (GRPO Ensemble),GRPO,aos-qwen3
830,,,,,,pxowg7x7,AOS-Qwen3-8B (GRPO Ensemble),GRPO,aos-qwen3
831,,,,,,pxowg7x7,AOS-Qwen3-8B (GRPO Ensemble),GRPO,aos-qwen3
832,,,,,,pxowg7x7,AOS-Qwen3-8B (GRPO Ensemble),GRPO,aos-qwen3
833,,,,,,pxowg7x7,AOS-Qwen3-8B (GRPO Ensemble),GRPO,aos-qwen3
834,,,,,,pxowg7x7,AOS-Qwen3-8B (GRPO Ensemble),GRPO,aos-qwen3
835,,,,,,pxowg7x7,AOS-Qwen3-8B (GRPO Ensemble),GRPO,aos-qwen3
836,,,,,,pxowg7x7,AOS-Qwen3-8B (GRPO Ensemble),GRPO,aos-qwen3
837,,,,,,pxowg7x7,AOS-Qwen3-8B (GRPO Ensemble),GRPO,aos-qwen3
838,,,,,,pxowg7x7,AOS-Qwen3-8B (GRPO Ensemble),GRPO,aos-qwen3
839,,,,,,pxowg7x7,AOS-Qwen3-8B (GRPO Ensemble),GRPO,aos-qwen3
840,,,,,,pxowg7x7,AOS-Qwen3-8B (GRPO Ensemble),GRPO,aos-qwen3
841,,,,,,pxowg7x7,AOS-Qwen3-8B (GRPO Ensemble),GRPO,aos-qwen3
842,,,,,,pxowg7x7,AOS-Qwen3-8B (GRPO Ensemble),GRPO,aos-qwen3
843,,,,,,pxowg7x7,AOS-Qwen3-8B (GRPO Ensemble),GRPO,aos-qwen3
844,,,,,,pxowg7x7,AOS-Qwen3-8B (GRPO Ensemble),GRPO,aos-qwen3
845,,,,,,pxowg7x7,AOS-Qwen3-8B (GRPO Ensemble),GRPO,aos-qwen3
846,,,,,,pxowg7x7,AOS-Qwen3-8B (GRPO Ensemble),GRPO,aos-qwen3
847,,,,,,pxowg7x7,AOS-Qwen3-8B (GRPO Ensemble),GRPO,aos-qwen3
848,,,,,,pxowg7x7,AOS-Qwen3-8B (GRPO Ensemble),GRPO,aos-qwen3
849,,,,,,pxowg7x7,AOS-Qwen3-8B (GRPO Ensemble),GRPO,aos-qwen3
850,,,,,,pxowg7x7,AOS-Qwen3-8B (GRPO Ensemble),GRPO,aos-qwen3
851,-0.055,0.37042702436447145,0.008107470569302676,0.37042702436447145,0.0,pxowg7x7,AOS-Qwen3-8B (GRPO Ensemble),GRPO,aos-qwen3
852,,,,,,pxowg7x7,AOS-Qwen3-8B (GRPO Ensemble),GRPO,aos-qwen3
853,,,,,,pxowg7x7,AOS-Qwen3-8B (GRPO Ensemble),GRPO,aos-qwen3
854,,,,,,pxowg7x7,AOS-Qwen3-8B (GRPO Ensemble),GRPO,aos-qwen3
855,,,,,,pxowg7x7,AOS-Qwen3-8B (GRPO Ensemble),GRPO,aos-qwen3
856,,,,,,pxowg7x7,AOS-Qwen3-8B (GRPO Ensemble),GRPO,aos-qwen3
857,,,,,,pxowg7x7,AOS-Qwen3-8B (GRPO Ensemble),GRPO,aos-qwen3
858,,,,,,pxowg7x7,AOS-Qwen3-8B (GRPO Ensemble),GRPO,aos-qwen3
859,,,,,,pxowg7x7,AOS-Qwen3-8B (GRPO Ensemble),GRPO,aos-qwen3
860,,,,,,pxowg7x7,AOS-Qwen3-8B (GRPO Ensemble),GRPO,aos-qwen3
861,,,,,,pxowg7x7,AOS-Qwen3-8B (GRPO Ensemble),GRPO,aos-qwen3
862,,,,,,pxowg7x7,AOS-Qwen3-8B (GRPO Ensemble),GRPO,aos-qwen3
863,,,,,,pxowg7x7,AOS-Qwen3-8B (GRPO Ensemble),GRPO,aos-qwen3
864,,,,,,pxowg7x7,AOS-Qwen3-8B (GRPO Ensemble),GRPO,aos-qwen3
865,,,,,,pxowg7x7,AOS-Qwen3-8B (GRPO Ensemble),GRPO,aos-qwen3
866,,,,,,pxowg7x7,AOS-Qwen3-8B (GRPO Ensemble),GRPO,aos-qwen3
867,,,,,,pxowg7x7,AOS-Qwen3-8B (GRPO Ensemble),GRPO,aos-qwen3
868,,,,,,pxowg7x7,AOS-Qwen3-8B (GRPO Ensemble),GRPO,aos-qwen3
869,,,,,,pxowg7x7,AOS-Qwen3-8B (GRPO Ensemble),GRPO,aos-qwen3
870,,,,,,pxowg7x7,AOS-Qwen3-8B (GRPO Ensemble),GRPO,aos-qwen3
871,,,,,,pxowg7x7,AOS-Qwen3-8B (GRPO Ensemble),GRPO,aos-qwen3
872,,,,,,pxowg7x7,AOS-Qwen3-8B (GRPO Ensemble),GRPO,aos-qwen3
873,,,,,,pxowg7x7,AOS-Qwen3-8B (GRPO Ensemble),GRPO,aos-qwen3
874,,,,,,pxowg7x7,AOS-Qwen3-8B (GRPO Ensemble),GRPO,aos-qwen3
875,,,,,,pxowg7x7,AOS-Qwen3-8B (GRPO Ensemble),GRPO,aos-qwen3
876,,,,,,pxowg7x7,AOS-Qwen3-8B (GRPO Ensemble),GRPO,aos-qwen3
877,,,,,,pxowg7x7,AOS-Qwen3-8B (GRPO Ensemble),GRPO,aos-qwen3
878,,,,,,pxowg7x7,AOS-Qwen3-8B (GRPO Ensemble),GRPO,aos-qwen3
879,,,,,,pxowg7x7,AOS-Qwen3-8B (GRPO Ensemble),GRPO,aos-qwen3
880,,,,,,pxowg7x7,AOS-Qwen3-8B (GRPO Ensemble),GRPO,aos-qwen3
881,,,,,,pxowg7x7,AOS-Qwen3-8B (GRPO Ensemble),GRPO,aos-qwen3
882,,,,,,pxowg7x7,AOS-Qwen3-8B (GRPO Ensemble),GRPO,aos-qwen3
883,,,,,,pxowg7x7,AOS-Qwen3-8B (GRPO Ensemble),GRPO,aos-qwen3
884,,,,,,pxowg7x7,AOS-Qwen3-8B (GRPO Ensemble),GRPO,aos-qwen3
885,,,,,,pxowg7x7,AOS-Qwen3-8B (GRPO Ensemble),GRPO,aos-qwen3
886,,,,,,pxowg7x7,AOS-Qwen3-8B (GRPO Ensemble),GRPO,aos-qwen3
887,,,,,,pxowg7x7,AOS-Qwen3-8B (GRPO Ensemble),GRPO,aos-qwen3
888,,,,,,pxowg7x7,AOS-Qwen3-8B (GRPO Ensemble),GRPO,aos-qwen3
889,,,,,,pxowg7x7,AOS-Qwen3-8B (GRPO Ensemble),GRPO,aos-qwen3
890,,,,,,pxowg7x7,AOS-Qwen3-8B (GRPO Ensemble),GRPO,aos-qwen3
891,,,,,,pxowg7x7,AOS-Qwen3-8B (GRPO Ensemble),GRPO,aos-qwen3
892,,,,,,pxowg7x7,AOS-Qwen3-8B (GRPO Ensemble),GRPO,aos-qwen3
893,,,,,,pxowg7x7,AOS-Qwen3-8B (GRPO Ensemble),GRPO,aos-qwen3
894,,,,,,pxowg7x7,AOS-Qwen3-8B (GRPO Ensemble),GRPO,aos-qwen3
895,,,,,,pxowg7x7,AOS-Qwen3-8B (GRPO Ensemble),GRPO,aos-qwen3
896,,,,,,pxowg7x7,AOS-Qwen3-8B (GRPO Ensemble),GRPO,aos-qwen3
897,,,,,,pxowg7x7,AOS-Qwen3-8B (GRPO Ensemble),GRPO,aos-qwen3
898,,,,,,pxowg7x7,AOS-Qwen3-8B (GRPO Ensemble),GRPO,aos-qwen3
899,,,,,,pxowg7x7,AOS-Qwen3-8B (GRPO Ensemble),GRPO,aos-qwen3
900,,,,,,pxowg7x7,AOS-Qwen3-8B (GRPO Ensemble),GRPO,aos-qwen3
901,,,,,,pxowg7x7,AOS-Qwen3-8B (GRPO Ensemble),GRPO,aos-qwen3
902,,,,,,pxowg7x7,AOS-Qwen3-8B (GRPO Ensemble),GRPO,aos-qwen3
903,,,,,,pxowg7x7,AOS-Qwen3-8B (GRPO Ensemble),GRPO,aos-qwen3
904,,,,,,pxowg7x7,AOS-Qwen3-8B (GRPO Ensemble),GRPO,aos-qwen3
905,,,,,,pxowg7x7,AOS-Qwen3-8B (GRPO Ensemble),GRPO,aos-qwen3
906,,,,,,pxowg7x7,AOS-Qwen3-8B (GRPO Ensemble),GRPO,aos-qwen3
907,,,,,,pxowg7x7,AOS-Qwen3-8B (GRPO Ensemble),GRPO,aos-qwen3
908,,,,,,pxowg7x7,AOS-Qwen3-8B (GRPO Ensemble),GRPO,aos-qwen3
909,,,,,,pxowg7x7,AOS-Qwen3-8B (GRPO Ensemble),GRPO,aos-qwen3
910,,,,,,pxowg7x7,AOS-Qwen3-8B (GRPO Ensemble),GRPO,aos-qwen3
911,,,,,,pxowg7x7,AOS-Qwen3-8B (GRPO Ensemble),GRPO,aos-qwen3
912,,,,,,pxowg7x7,AOS-Qwen3-8B (GRPO Ensemble),GRPO,aos-qwen3
913,,,,,,pxowg7x7,AOS-Qwen3-8B (GRPO Ensemble),GRPO,aos-qwen3
914,,,,,,pxowg7x7,AOS-Qwen3-8B (GRPO Ensemble),GRPO,aos-qwen3
915,,,,,,pxowg7x7,AOS-Qwen3-8B (GRPO Ensemble),GRPO,aos-qwen3
916,,,,,,pxowg7x7,AOS-Qwen3-8B (GRPO Ensemble),GRPO,aos-qwen3
917,,,,,,pxowg7x7,AOS-Qwen3-8B (GRPO Ensemble),GRPO,aos-qwen3
918,,,,,,pxowg7x7,AOS-Qwen3-8B (GRPO Ensemble),GRPO,aos-qwen3
919,,,,,,pxowg7x7,AOS-Qwen3-8B (GRPO Ensemble),GRPO,aos-qwen3
920,,,,,,pxowg7x7,AOS-Qwen3-8B (GRPO Ensemble),GRPO,aos-qwen3
921,,,,,,pxowg7x7,AOS-Qwen3-8B (GRPO Ensemble),GRPO,aos-qwen3
922,-0.0359,0.39288715124130247,0.012666093503139565,0.39288715124130247,0.0,pxowg7x7,AOS-Qwen3-8B (GRPO Ensemble),GRPO,aos-qwen3
923,,,,,,pxowg7x7,AOS-Qwen3-8B (GRPO Ensemble),GRPO,aos-qwen3
924,,,,,,pxowg7x7,AOS-Qwen3-8B (GRPO Ensemble),GRPO,aos-qwen3
925,,,,,,pxowg7x7,AOS-Qwen3-8B (GRPO Ensemble),GRPO,aos-qwen3
926,,,,,,pxowg7x7,AOS-Qwen3-8B (GRPO Ensemble),GRPO,aos-qwen3
927,,,,,,pxowg7x7,AOS-Qwen3-8B (GRPO Ensemble),GRPO,aos-qwen3
928,,,,,,pxowg7x7,AOS-Qwen3-8B (GRPO Ensemble),GRPO,aos-qwen3
929,,,,,,pxowg7x7,AOS-Qwen3-8B (GRPO Ensemble),GRPO,aos-qwen3
930,,,,,,pxowg7x7,AOS-Qwen3-8B (GRPO Ensemble),GRPO,aos-qwen3
931,,,,,,pxowg7x7,AOS-Qwen3-8B (GRPO Ensemble),GRPO,aos-qwen3
932,,,,,,pxowg7x7,AOS-Qwen3-8B (GRPO Ensemble),GRPO,aos-qwen3
933,,,,,,pxowg7x7,AOS-Qwen3-8B (GRPO Ensemble),GRPO,aos-qwen3
934,,,,,,pxowg7x7,AOS-Qwen3-8B (GRPO Ensemble),GRPO,aos-qwen3
935,,,,,,pxowg7x7,AOS-Qwen3-8B (GRPO Ensemble),GRPO,aos-qwen3
936,,,,,,pxowg7x7,AOS-Qwen3-8B (GRPO Ensemble),GRPO,aos-qwen3
937,,,,,,pxowg7x7,AOS-Qwen3-8B (GRPO Ensemble),GRPO,aos-qwen3
938,,,,,,pxowg7x7,AOS-Qwen3-8B (GRPO Ensemble),GRPO,aos-qwen3
939,,,,,,pxowg7x7,AOS-Qwen3-8B (GRPO Ensemble),GRPO,aos-qwen3
940,,,,,,pxowg7x7,AOS-Qwen3-8B (GRPO Ensemble),GRPO,aos-qwen3
941,,,,,,pxowg7x7,AOS-Qwen3-8B (GRPO Ensemble),GRPO,aos-qwen3
942,,,,,,pxowg7x7,AOS-Qwen3-8B (GRPO Ensemble),GRPO,aos-qwen3
943,,,,,,pxowg7x7,AOS-Qwen3-8B (GRPO Ensemble),GRPO,aos-qwen3
944,,,,,,pxowg7x7,AOS-Qwen3-8B (GRPO Ensemble),GRPO,aos-qwen3
945,,,,,,pxowg7x7,AOS-Qwen3-8B (GRPO Ensemble),GRPO,aos-qwen3
946,,,,,,pxowg7x7,AOS-Qwen3-8B (GRPO Ensemble),GRPO,aos-qwen3
947,,,,,,pxowg7x7,AOS-Qwen3-8B (GRPO Ensemble),GRPO,aos-qwen3
948,,,,,,pxowg7x7,AOS-Qwen3-8B (GRPO Ensemble),GRPO,aos-qwen3
949,,,,,,pxowg7x7,AOS-Qwen3-8B (GRPO Ensemble),GRPO,aos-qwen3
950,,,,,,pxowg7x7,AOS-Qwen3-8B (GRPO Ensemble),GRPO,aos-qwen3
951,,,,,,pxowg7x7,AOS-Qwen3-8B (GRPO Ensemble),GRPO,aos-qwen3
952,,,,,,pxowg7x7,AOS-Qwen3-8B (GRPO Ensemble),GRPO,aos-qwen3
953,,,,,,pxowg7x7,AOS-Qwen3-8B (GRPO Ensemble),GRPO,aos-qwen3
954,,,,,,pxowg7x7,AOS-Qwen3-8B (GRPO Ensemble),GRPO,aos-qwen3
955,,,,,,pxowg7x7,AOS-Qwen3-8B (GRPO Ensemble),GRPO,aos-qwen3
956,,,,,,pxowg7x7,AOS-Qwen3-8B (GRPO Ensemble),GRPO,aos-qwen3
957,,,,,,pxowg7x7,AOS-Qwen3-8B (GRPO Ensemble),GRPO,aos-qwen3
958,,,,,,pxowg7x7,AOS-Qwen3-8B (GRPO Ensemble),GRPO,aos-qwen3
959,,,,,,pxowg7x7,AOS-Qwen3-8B (GRPO Ensemble),GRPO,aos-qwen3
960,,,,,,pxowg7x7,AOS-Qwen3-8B (GRPO Ensemble),GRPO,aos-qwen3
961,,,,,,pxowg7x7,AOS-Qwen3-8B (GRPO Ensemble),GRPO,aos-qwen3
962,,,,,,pxowg7x7,AOS-Qwen3-8B (GRPO Ensemble),GRPO,aos-qwen3
963,,,,,,pxowg7x7,AOS-Qwen3-8B (GRPO Ensemble),GRPO,aos-qwen3
964,,,,,,pxowg7x7,AOS-Qwen3-8B (GRPO Ensemble),GRPO,aos-qwen3
965,,,,,,pxowg7x7,AOS-Qwen3-8B (GRPO Ensemble),GRPO,aos-qwen3
966,,,,,,pxowg7x7,AOS-Qwen3-8B (GRPO Ensemble),GRPO,aos-qwen3
967,,,,,,pxowg7x7,AOS-Qwen3-8B (GRPO Ensemble),GRPO,aos-qwen3
968,,,,,,pxowg7x7,AOS-Qwen3-8B (GRPO Ensemble),GRPO,aos-qwen3
969,,,,,,pxowg7x7,AOS-Qwen3-8B (GRPO Ensemble),GRPO,aos-qwen3
970,,,,,,pxowg7x7,AOS-Qwen3-8B (GRPO Ensemble),GRPO,aos-qwen3
971,,,,,,pxowg7x7,AOS-Qwen3-8B (GRPO Ensemble),GRPO,aos-qwen3
972,,,,,,pxowg7x7,AOS-Qwen3-8B (GRPO Ensemble),GRPO,aos-qwen3
973,,,,,,pxowg7x7,AOS-Qwen3-8B (GRPO Ensemble),GRPO,aos-qwen3
974,,,,,,pxowg7x7,AOS-Qwen3-8B (GRPO Ensemble),GRPO,aos-qwen3
975,,,,,,pxowg7x7,AOS-Qwen3-8B (GRPO Ensemble),GRPO,aos-qwen3
976,,,,,,pxowg7x7,AOS-Qwen3-8B (GRPO Ensemble),GRPO,aos-qwen3
977,,,,,,pxowg7x7,AOS-Qwen3-8B (GRPO Ensemble),GRPO,aos-qwen3
978,,,,,,pxowg7x7,AOS-Qwen3-8B (GRPO Ensemble),GRPO,aos-qwen3
979,,,,,,pxowg7x7,AOS-Qwen3-8B (GRPO Ensemble),GRPO,aos-qwen3
980,,,,,,pxowg7x7,AOS-Qwen3-8B (GRPO Ensemble),GRPO,aos-qwen3
981,,,,,,pxowg7x7,AOS-Qwen3-8B (GRPO Ensemble),GRPO,aos-qwen3
982,,,,,,pxowg7x7,AOS-Qwen3-8B (GRPO Ensemble),GRPO,aos-qwen3
983,,,,,,pxowg7x7,AOS-Qwen3-8B (GRPO Ensemble),GRPO,aos-qwen3
984,,,,,,pxowg7x7,AOS-Qwen3-8B (GRPO Ensemble),GRPO,aos-qwen3
985,,,,,,pxowg7x7,AOS-Qwen3-8B (GRPO Ensemble),GRPO,aos-qwen3
986,,,,,,pxowg7x7,AOS-Qwen3-8B (GRPO Ensemble),GRPO,aos-qwen3
987,,,,,,pxowg7x7,AOS-Qwen3-8B (GRPO Ensemble),GRPO,aos-qwen3
988,,,,,,pxowg7x7,AOS-Qwen3-8B (GRPO Ensemble),GRPO,aos-qwen3
989,,,,,,pxowg7x7,AOS-Qwen3-8B (GRPO Ensemble),GRPO,aos-qwen3
990,,,,,,pxowg7x7,AOS-Qwen3-8B (GRPO Ensemble),GRPO,aos-qwen3
991,,,,,,pxowg7x7,AOS-Qwen3-8B (GRPO Ensemble),GRPO,aos-qwen3
992,,,,,,pxowg7x7,AOS-Qwen3-8B (GRPO Ensemble),GRPO,aos-qwen3
993,0.0703,0.3299302011728287,0.08926496561616659,0.3299302011728287,0.0,pxowg7x7,AOS-Qwen3-8B (GRPO Ensemble),GRPO,aos-qwen3
994,,,,,,pxowg7x7,AOS-Qwen3-8B (GRPO Ensemble),GRPO,aos-qwen3
995,,,,,,pxowg7x7,AOS-Qwen3-8B (GRPO Ensemble),GRPO,aos-qwen3
996,,,,,,pxowg7x7,AOS-Qwen3-8B (GRPO Ensemble),GRPO,aos-qwen3
997,,,,,,pxowg7x7,AOS-Qwen3-8B (GRPO Ensemble),GRPO,aos-qwen3
998,,,,,,pxowg7x7,AOS-Qwen3-8B (GRPO Ensemble),GRPO,aos-qwen3
999,,,,,,pxowg7x7,AOS-Qwen3-8B (GRPO Ensemble),GRPO,aos-qwen3
1000,,,,,,pxowg7x7,AOS-Qwen3-8B (GRPO Ensemble),GRPO,aos-qwen3
1001,,,,,,pxowg7x7,AOS-Qwen3-8B (GRPO Ensemble),GRPO,aos-qwen3
1002,,,,,,pxowg7x7,AOS-Qwen3-8B (GRPO Ensemble),GRPO,aos-qwen3
1003,,,,,,pxowg7x7,AOS-Qwen3-8B (GRPO Ensemble),GRPO,aos-qwen3
1004,,,,,,pxowg7x7,AOS-Qwen3-8B (GRPO Ensemble),GRPO,aos-qwen3
1005,,,,,,pxowg7x7,AOS-Qwen3-8B (GRPO Ensemble),GRPO,aos-qwen3
1006,,,,,,pxowg7x7,AOS-Qwen3-8B (GRPO Ensemble),GRPO,aos-qwen3
1007,,,,,,pxowg7x7,AOS-Qwen3-8B (GRPO Ensemble),GRPO,aos-qwen3
1008,,,,,,pxowg7x7,AOS-Qwen3-8B (GRPO Ensemble),GRPO,aos-qwen3
1009,,,,,,pxowg7x7,AOS-Qwen3-8B (GRPO Ensemble),GRPO,aos-qwen3
1010,,,,,,pxowg7x7,AOS-Qwen3-8B (GRPO Ensemble),GRPO,aos-qwen3
1011,,,,,,pxowg7x7,AOS-Qwen3-8B (GRPO Ensemble),GRPO,aos-qwen3
1012,,,,,,pxowg7x7,AOS-Qwen3-8B (GRPO Ensemble),GRPO,aos-qwen3
1013,,,,,,pxowg7x7,AOS-Qwen3-8B (GRPO Ensemble),GRPO,aos-qwen3
1014,,,,,,pxowg7x7,AOS-Qwen3-8B (GRPO Ensemble),GRPO,aos-qwen3
1015,,,,,,pxowg7x7,AOS-Qwen3-8B (GRPO Ensemble),GRPO,aos-qwen3
1016,,,,,,pxowg7x7,AOS-Qwen3-8B (GRPO Ensemble),GRPO,aos-qwen3
1017,,,,,,pxowg7x7,AOS-Qwen3-8B (GRPO Ensemble),GRPO,aos-qwen3
1018,,,,,,pxowg7x7,AOS-Qwen3-8B (GRPO Ensemble),GRPO,aos-qwen3
1019,,,,,,pxowg7x7,AOS-Qwen3-8B (GRPO Ensemble),GRPO,aos-qwen3
1020,,,,,,pxowg7x7,AOS-Qwen3-8B (GRPO Ensemble),GRPO,aos-qwen3
1021,,,,,,pxowg7x7,AOS-Qwen3-8B (GRPO Ensemble),GRPO,aos-qwen3
1022,,,,,,pxowg7x7,AOS-Qwen3-8B (GRPO Ensemble),GRPO,aos-qwen3
1023,,,,,,pxowg7x7,AOS-Qwen3-8B (GRPO Ensemble),GRPO,aos-qwen3
1024,,,,,,pxowg7x7,AOS-Qwen3-8B (GRPO Ensemble),GRPO,aos-qwen3
1025,,,,,,pxowg7x7,AOS-Qwen3-8B (GRPO Ensemble),GRPO,aos-qwen3
1026,,,,,,pxowg7x7,AOS-Qwen3-8B (GRPO Ensemble),GRPO,aos-qwen3
1027,,,,,,pxowg7x7,AOS-Qwen3-8B (GRPO Ensemble),GRPO,aos-qwen3
1028,,,,,,pxowg7x7,AOS-Qwen3-8B (GRPO Ensemble),GRPO,aos-qwen3
1029,,,,,,pxowg7x7,AOS-Qwen3-8B (GRPO Ensemble),GRPO,aos-qwen3
1030,,,,,,pxowg7x7,AOS-Qwen3-8B (GRPO Ensemble),GRPO,aos-qwen3
1031,,,,,,pxowg7x7,AOS-Qwen3-8B (GRPO Ensemble),GRPO,aos-qwen3
1032,,,,,,pxowg7x7,AOS-Qwen3-8B (GRPO Ensemble),GRPO,aos-qwen3
1033,,,,,,pxowg7x7,AOS-Qwen3-8B (GRPO Ensemble),GRPO,aos-qwen3
1034,,,,,,pxowg7x7,AOS-Qwen3-8B (GRPO Ensemble),GRPO,aos-qwen3
1035,,,,,,pxowg7x7,AOS-Qwen3-8B (GRPO Ensemble),GRPO,aos-qwen3
1036,,,,,,pxowg7x7,AOS-Qwen3-8B (GRPO Ensemble),GRPO,aos-qwen3
1037,,,,,,pxowg7x7,AOS-Qwen3-8B (GRPO Ensemble),GRPO,aos-qwen3
1038,,,,,,pxowg7x7,AOS-Qwen3-8B (GRPO Ensemble),GRPO,aos-qwen3
1039,,,,,,pxowg7x7,AOS-Qwen3-8B (GRPO Ensemble),GRPO,aos-qwen3
1040,,,,,,pxowg7x7,AOS-Qwen3-8B (GRPO Ensemble),GRPO,aos-qwen3
1041,,,,,,pxowg7x7,AOS-Qwen3-8B (GRPO Ensemble),GRPO,aos-qwen3
1042,,,,,,pxowg7x7,AOS-Qwen3-8B (GRPO Ensemble),GRPO,aos-qwen3
1043,,,,,,pxowg7x7,AOS-Qwen3-8B (GRPO Ensemble),GRPO,aos-qwen3
1044,,,,,,pxowg7x7,AOS-Qwen3-8B (GRPO Ensemble),GRPO,aos-qwen3
1045,,,,,,pxowg7x7,AOS-Qwen3-8B (GRPO Ensemble),GRPO,aos-qwen3
1046,,,,,,pxowg7x7,AOS-Qwen3-8B (GRPO Ensemble),GRPO,aos-qwen3
1047,,,,,,pxowg7x7,AOS-Qwen3-8B (GRPO Ensemble),GRPO,aos-qwen3
1048,,,,,,pxowg7x7,AOS-Qwen3-8B (GRPO Ensemble),GRPO,aos-qwen3
1049,,,,,,pxowg7x7,AOS-Qwen3-8B (GRPO Ensemble),GRPO,aos-qwen3
1050,,,,,,pxowg7x7,AOS-Qwen3-8B (GRPO Ensemble),GRPO,aos-qwen3
1051,,,,,,pxowg7x7,AOS-Qwen3-8B (GRPO Ensemble),GRPO,aos-qwen3
1052,,,,,,pxowg7x7,AOS-Qwen3-8B (GRPO Ensemble),GRPO,aos-qwen3
1053,,,,,,pxowg7x7,AOS-Qwen3-8B (GRPO Ensemble),GRPO,aos-qwen3
1054,,,,,,pxowg7x7,AOS-Qwen3-8B (GRPO Ensemble),GRPO,aos-qwen3
1055,,,,,,pxowg7x7,AOS-Qwen3-8B (GRPO Ensemble),GRPO,aos-qwen3
1056,,,,,,pxowg7x7,AOS-Qwen3-8B (GRPO Ensemble),GRPO,aos-qwen3
1057,,,,,,pxowg7x7,AOS-Qwen3-8B (GRPO Ensemble),GRPO,aos-qwen3
1058,,,,,,pxowg7x7,AOS-Qwen3-8B (GRPO Ensemble),GRPO,aos-qwen3
1059,,,,,,pxowg7x7,AOS-Qwen3-8B (GRPO Ensemble),GRPO,aos-qwen3
1060,,,,,,pxowg7x7,AOS-Qwen3-8B (GRPO Ensemble),GRPO,aos-qwen3
1061,,,,,,pxowg7x7,AOS-Qwen3-8B (GRPO Ensemble),GRPO,aos-qwen3
1062,,,,,,pxowg7x7,AOS-Qwen3-8B (GRPO Ensemble),GRPO,aos-qwen3
1063,,,,,,pxowg7x7,AOS-Qwen3-8B (GRPO Ensemble),GRPO,aos-qwen3
1064,0.0259,0.36950494945049284,0.045962397032417356,0.36950494945049284,0.0,pxowg7x7,AOS-Qwen3-8B (GRPO Ensemble),GRPO,aos-qwen3
1065,,,,,,pxowg7x7,AOS-Qwen3-8B (GRPO Ensemble),GRPO,aos-qwen3
1066,,,,,,pxowg7x7,AOS-Qwen3-8B (GRPO Ensemble),GRPO,aos-qwen3
1067,,,,,,pxowg7x7,AOS-Qwen3-8B (GRPO Ensemble),GRPO,aos-qwen3
1068,,,,,,pxowg7x7,AOS-Qwen3-8B (GRPO Ensemble),GRPO,aos-qwen3
1069,,,,,,pxowg7x7,AOS-Qwen3-8B (GRPO Ensemble),GRPO,aos-qwen3
1070,,,,,,pxowg7x7,AOS-Qwen3-8B (GRPO Ensemble),GRPO,aos-qwen3
1071,,,,,,pxowg7x7,AOS-Qwen3-8B (GRPO Ensemble),GRPO,aos-qwen3
1072,,,,,,pxowg7x7,AOS-Qwen3-8B (GRPO Ensemble),GRPO,aos-qwen3
1073,,,,,,pxowg7x7,AOS-Qwen3-8B (GRPO Ensemble),GRPO,aos-qwen3
1074,,,,,,pxowg7x7,AOS-Qwen3-8B (GRPO Ensemble),GRPO,aos-qwen3
1075,,,,,,pxowg7x7,AOS-Qwen3-8B (GRPO Ensemble),GRPO,aos-qwen3
1076,,,,,,pxowg7x7,AOS-Qwen3-8B (GRPO Ensemble),GRPO,aos-qwen3
1077,,,,,,pxowg7x7,AOS-Qwen3-8B (GRPO Ensemble),GRPO,aos-qwen3
1078,,,,,,pxowg7x7,AOS-Qwen3-8B (GRPO Ensemble),GRPO,aos-qwen3
1079,,,,,,pxowg7x7,AOS-Qwen3-8B (GRPO Ensemble),GRPO,aos-qwen3
1080,,,,,,pxowg7x7,AOS-Qwen3-8B (GRPO Ensemble),GRPO,aos-qwen3
1081,,,,,,pxowg7x7,AOS-Qwen3-8B (GRPO Ensemble),GRPO,aos-qwen3
1082,,,,,,pxowg7x7,AOS-Qwen3-8B (GRPO Ensemble),GRPO,aos-qwen3
1083,,,,,,pxowg7x7,AOS-Qwen3-8B (GRPO Ensemble),GRPO,aos-qwen3
1084,,,,,,pxowg7x7,AOS-Qwen3-8B (GRPO Ensemble),GRPO,aos-qwen3
1085,,,,,,pxowg7x7,AOS-Qwen3-8B (GRPO Ensemble),GRPO,aos-qwen3
1086,,,,,,pxowg7x7,AOS-Qwen3-8B (GRPO Ensemble),GRPO,aos-qwen3
1087,,,,,,pxowg7x7,AOS-Qwen3-8B (GRPO Ensemble),GRPO,aos-qwen3
1088,,,,,,pxowg7x7,AOS-Qwen3-8B (GRPO Ensemble),GRPO,aos-qwen3
1089,,,,,,pxowg7x7,AOS-Qwen3-8B (GRPO Ensemble),GRPO,aos-qwen3
1090,,,,,,pxowg7x7,AOS-Qwen3-8B (GRPO Ensemble),GRPO,aos-qwen3
1091,,,,,,pxowg7x7,AOS-Qwen3-8B (GRPO Ensemble),GRPO,aos-qwen3
1092,,,,,,pxowg7x7,AOS-Qwen3-8B (GRPO Ensemble),GRPO,aos-qwen3
1093,,,,,,pxowg7x7,AOS-Qwen3-8B (GRPO Ensemble),GRPO,aos-qwen3
1094,,,,,,pxowg7x7,AOS-Qwen3-8B (GRPO Ensemble),GRPO,aos-qwen3
1095,,,,,,pxowg7x7,AOS-Qwen3-8B (GRPO Ensemble),GRPO,aos-qwen3
1096,,,,,,pxowg7x7,AOS-Qwen3-8B (GRPO Ensemble),GRPO,aos-qwen3
1097,,,,,,pxowg7x7,AOS-Qwen3-8B (GRPO Ensemble),GRPO,aos-qwen3
1098,,,,,,pxowg7x7,AOS-Qwen3-8B (GRPO Ensemble),GRPO,aos-qwen3
1099,,,,,,pxowg7x7,AOS-Qwen3-8B (GRPO Ensemble),GRPO,aos-qwen3
1100,,,,,,pxowg7x7,AOS-Qwen3-8B (GRPO Ensemble),GRPO,aos-qwen3
1101,,,,,,pxowg7x7,AOS-Qwen3-8B (GRPO Ensemble),GRPO,aos-qwen3
1102,,,,,,pxowg7x7,AOS-Qwen3-8B (GRPO Ensemble),GRPO,aos-qwen3
1103,,,,,,pxowg7x7,AOS-Qwen3-8B (GRPO Ensemble),GRPO,aos-qwen3
1104,,,,,,pxowg7x7,AOS-Qwen3-8B (GRPO Ensemble),GRPO,aos-qwen3
1105,,,,,,pxowg7x7,AOS-Qwen3-8B (GRPO Ensemble),GRPO,aos-qwen3
1106,,,,,,pxowg7x7,AOS-Qwen3-8B (GRPO Ensemble),GRPO,aos-qwen3
1107,,,,,,pxowg7x7,AOS-Qwen3-8B (GRPO Ensemble),GRPO,aos-qwen3
1108,,,,,,pxowg7x7,AOS-Qwen3-8B (GRPO Ensemble),GRPO,aos-qwen3
1109,,,,,,pxowg7x7,AOS-Qwen3-8B (GRPO Ensemble),GRPO,aos-qwen3
1110,,,,,,pxowg7x7,AOS-Qwen3-8B (GRPO Ensemble),GRPO,aos-qwen3
1111,,,,,,pxowg7x7,AOS-Qwen3-8B (GRPO Ensemble),GRPO,aos-qwen3
1112,,,,,,pxowg7x7,AOS-Qwen3-8B (GRPO Ensemble),GRPO,aos-qwen3
1113,,,,,,pxowg7x7,AOS-Qwen3-8B (GRPO Ensemble),GRPO,aos-qwen3
1114,,,,,,pxowg7x7,AOS-Qwen3-8B (GRPO Ensemble),GRPO,aos-qwen3
1115,,,,,,pxowg7x7,AOS-Qwen3-8B (GRPO Ensemble),GRPO,aos-qwen3
1116,,,,,,pxowg7x7,AOS-Qwen3-8B (GRPO Ensemble),GRPO,aos-qwen3
1117,,,,,,pxowg7x7,AOS-Qwen3-8B (GRPO Ensemble),GRPO,aos-qwen3
1118,,,,,,pxowg7x7,AOS-Qwen3-8B (GRPO Ensemble),GRPO,aos-qwen3
1119,,,,,,pxowg7x7,AOS-Qwen3-8B (GRPO Ensemble),GRPO,aos-qwen3
1120,,,,,,pxowg7x7,AOS-Qwen3-8B (GRPO Ensemble),GRPO,aos-qwen3
1121,,,,,,pxowg7x7,AOS-Qwen3-8B (GRPO Ensemble),GRPO,aos-qwen3
1122,,,,,,pxowg7x7,AOS-Qwen3-8B (GRPO Ensemble),GRPO,aos-qwen3
1123,,,,,,pxowg7x7,AOS-Qwen3-8B (GRPO Ensemble),GRPO,aos-qwen3
1124,,,,,,pxowg7x7,AOS-Qwen3-8B (GRPO Ensemble),GRPO,aos-qwen3
1125,,,,,,pxowg7x7,AOS-Qwen3-8B (GRPO Ensemble),GRPO,aos-qwen3
1126,,,,,,pxowg7x7,AOS-Qwen3-8B (GRPO Ensemble),GRPO,aos-qwen3
1127,,,,,,pxowg7x7,AOS-Qwen3-8B (GRPO Ensemble),GRPO,aos-qwen3
1128,,,,,,pxowg7x7,AOS-Qwen3-8B (GRPO Ensemble),GRPO,aos-qwen3
1129,,,,,,pxowg7x7,AOS-Qwen3-8B (GRPO Ensemble),GRPO,aos-qwen3
1130,,,,,,pxowg7x7,AOS-Qwen3-8B (GRPO Ensemble),GRPO,aos-qwen3
1131,,,,,,pxowg7x7,AOS-Qwen3-8B (GRPO Ensemble),GRPO,aos-qwen3
1132,,,,,,pxowg7x7,AOS-Qwen3-8B (GRPO Ensemble),GRPO,aos-qwen3
1133,,,,,,pxowg7x7,AOS-Qwen3-8B (GRPO Ensemble),GRPO,aos-qwen3
1134,,,,,,pxowg7x7,AOS-Qwen3-8B (GRPO Ensemble),GRPO,aos-qwen3
1135,-0.0021,0.39555483162403104,0.005005380143302318,0.39555483162403104,0.0,pxowg7x7,AOS-Qwen3-8B (GRPO Ensemble),GRPO,aos-qwen3
1136,,,,,,pxowg7x7,AOS-Qwen3-8B (GRPO Ensemble),GRPO,aos-qwen3
1137,,,,,,pxowg7x7,AOS-Qwen3-8B (GRPO Ensemble),GRPO,aos-qwen3
1138,,,,,,pxowg7x7,AOS-Qwen3-8B (GRPO Ensemble),GRPO,aos-qwen3
1139,,,,,,pxowg7x7,AOS-Qwen3-8B (GRPO Ensemble),GRPO,aos-qwen3
1140,,,,,,pxowg7x7,AOS-Qwen3-8B (GRPO Ensemble),GRPO,aos-qwen3
1141,,,,,,pxowg7x7,AOS-Qwen3-8B (GRPO Ensemble),GRPO,aos-qwen3
1142,,,,,,pxowg7x7,AOS-Qwen3-8B (GRPO Ensemble),GRPO,aos-qwen3
1143,,,,,,pxowg7x7,AOS-Qwen3-8B (GRPO Ensemble),GRPO,aos-qwen3
1144,,,,,,pxowg7x7,AOS-Qwen3-8B (GRPO Ensemble),GRPO,aos-qwen3
1145,,,,,,pxowg7x7,AOS-Qwen3-8B (GRPO Ensemble),GRPO,aos-qwen3
1146,,,,,,pxowg7x7,AOS-Qwen3-8B (GRPO Ensemble),GRPO,aos-qwen3
1147,,,,,,pxowg7x7,AOS-Qwen3-8B (GRPO Ensemble),GRPO,aos-qwen3
1148,,,,,,pxowg7x7,AOS-Qwen3-8B (GRPO Ensemble),GRPO,aos-qwen3
1149,,,,,,pxowg7x7,AOS-Qwen3-8B (GRPO Ensemble),GRPO,aos-qwen3
1150,,,,,,pxowg7x7,AOS-Qwen3-8B (GRPO Ensemble),GRPO,aos-qwen3
1151,,,,,,pxowg7x7,AOS-Qwen3-8B (GRPO Ensemble),GRPO,aos-qwen3
1152,,,,,,pxowg7x7,AOS-Qwen3-8B (GRPO Ensemble),GRPO,aos-qwen3
1153,,,,,,pxowg7x7,AOS-Qwen3-8B (GRPO Ensemble),GRPO,aos-qwen3
1154,,,,,,pxowg7x7,AOS-Qwen3-8B (GRPO Ensemble),GRPO,aos-qwen3
1155,,,,,,pxowg7x7,AOS-Qwen3-8B (GRPO Ensemble),GRPO,aos-qwen3
1156,,,,,,pxowg7x7,AOS-Qwen3-8B (GRPO Ensemble),GRPO,aos-qwen3
1157,,,,,,pxowg7x7,AOS-Qwen3-8B (GRPO Ensemble),GRPO,aos-qwen3
1158,,,,,,pxowg7x7,AOS-Qwen3-8B (GRPO Ensemble),GRPO,aos-qwen3
1159,,,,,,pxowg7x7,AOS-Qwen3-8B (GRPO Ensemble),GRPO,aos-qwen3
1160,,,,,,pxowg7x7,AOS-Qwen3-8B (GRPO Ensemble),GRPO,aos-qwen3
1161,,,,,,pxowg7x7,AOS-Qwen3-8B (GRPO Ensemble),GRPO,aos-qwen3
1162,,,,,,pxowg7x7,AOS-Qwen3-8B (GRPO Ensemble),GRPO,aos-qwen3
1163,,,,,,pxowg7x7,AOS-Qwen3-8B (GRPO Ensemble),GRPO,aos-qwen3
1164,,,,,,pxowg7x7,AOS-Qwen3-8B (GRPO Ensemble),GRPO,aos-qwen3
1165,,,,,,pxowg7x7,AOS-Qwen3-8B (GRPO Ensemble),GRPO,aos-qwen3
1166,,,,,,pxowg7x7,AOS-Qwen3-8B (GRPO Ensemble),GRPO,aos-qwen3
1167,,,,,,pxowg7x7,AOS-Qwen3-8B (GRPO Ensemble),GRPO,aos-qwen3
1168,,,,,,pxowg7x7,AOS-Qwen3-8B (GRPO Ensemble),GRPO,aos-qwen3
1169,,,,,,pxowg7x7,AOS-Qwen3-8B (GRPO Ensemble),GRPO,aos-qwen3
1170,,,,,,pxowg7x7,AOS-Qwen3-8B (GRPO Ensemble),GRPO,aos-qwen3
1171,,,,,,pxowg7x7,AOS-Qwen3-8B (GRPO Ensemble),GRPO,aos-qwen3
1172,,,,,,pxowg7x7,AOS-Qwen3-8B (GRPO Ensemble),GRPO,aos-qwen3
1173,,,,,,pxowg7x7,AOS-Qwen3-8B (GRPO Ensemble),GRPO,aos-qwen3
1174,,,,,,pxowg7x7,AOS-Qwen3-8B (GRPO Ensemble),GRPO,aos-qwen3
1175,,,,,,pxowg7x7,AOS-Qwen3-8B (GRPO Ensemble),GRPO,aos-qwen3
1176,,,,,,pxowg7x7,AOS-Qwen3-8B (GRPO Ensemble),GRPO,aos-qwen3
1177,,,,,,pxowg7x7,AOS-Qwen3-8B (GRPO Ensemble),GRPO,aos-qwen3
1178,,,,,,pxowg7x7,AOS-Qwen3-8B (GRPO Ensemble),GRPO,aos-qwen3
1179,,,,,,pxowg7x7,AOS-Qwen3-8B (GRPO Ensemble),GRPO,aos-qwen3
1180,,,,,,pxowg7x7,AOS-Qwen3-8B (GRPO Ensemble),GRPO,aos-qwen3
1181,,,,,,pxowg7x7,AOS-Qwen3-8B (GRPO Ensemble),GRPO,aos-qwen3
1182,,,,,,pxowg7x7,AOS-Qwen3-8B (GRPO Ensemble),GRPO,aos-qwen3
1183,,,,,,pxowg7x7,AOS-Qwen3-8B (GRPO Ensemble),GRPO,aos-qwen3
1184,,,,,,pxowg7x7,AOS-Qwen3-8B (GRPO Ensemble),GRPO,aos-qwen3
1185,,,,,,pxowg7x7,AOS-Qwen3-8B (GRPO Ensemble),GRPO,aos-qwen3
1186,,,,,,pxowg7x7,AOS-Qwen3-8B (GRPO Ensemble),GRPO,aos-qwen3
1187,,,,,,pxowg7x7,AOS-Qwen3-8B (GRPO Ensemble),GRPO,aos-qwen3
1188,,,,,,pxowg7x7,AOS-Qwen3-8B (GRPO Ensemble),GRPO,aos-qwen3
1189,,,,,,pxowg7x7,AOS-Qwen3-8B (GRPO Ensemble),GRPO,aos-qwen3
1190,,,,,,pxowg7x7,AOS-Qwen3-8B (GRPO Ensemble),GRPO,aos-qwen3
1191,,,,,,pxowg7x7,AOS-Qwen3-8B (GRPO Ensemble),GRPO,aos-qwen3
1192,,,,,,pxowg7x7,AOS-Qwen3-8B (GRPO Ensemble),GRPO,aos-qwen3
1193,,,,,,pxowg7x7,AOS-Qwen3-8B (GRPO Ensemble),GRPO,aos-qwen3
1194,,,,,,pxowg7x7,AOS-Qwen3-8B (GRPO Ensemble),GRPO,aos-qwen3
1195,,,,,,pxowg7x7,AOS-Qwen3-8B (GRPO Ensemble),GRPO,aos-qwen3
1196,,,,,,pxowg7x7,AOS-Qwen3-8B (GRPO Ensemble),GRPO,aos-qwen3
1197,,,,,,pxowg7x7,AOS-Qwen3-8B (GRPO Ensemble),GRPO,aos-qwen3
1198,,,,,,pxowg7x7,AOS-Qwen3-8B (GRPO Ensemble),GRPO,aos-qwen3
1199,,,,,,pxowg7x7,AOS-Qwen3-8B (GRPO Ensemble),GRPO,aos-qwen3
1200,,,,,,pxowg7x7,AOS-Qwen3-8B (GRPO Ensemble),GRPO,aos-qwen3
1201,,,,,,pxowg7x7,AOS-Qwen3-8B (GRPO Ensemble),GRPO,aos-qwen3
1202,,,,,,pxowg7x7,AOS-Qwen3-8B (GRPO Ensemble),GRPO,aos-qwen3
1203,,,,,,pxowg7x7,AOS-Qwen3-8B (GRPO Ensemble),GRPO,aos-qwen3
1204,,,,,,pxowg7x7,AOS-Qwen3-8B (GRPO Ensemble),GRPO,aos-qwen3
1205,,,,,,pxowg7x7,AOS-Qwen3-8B (GRPO Ensemble),GRPO,aos-qwen3
1206,-0.0036,0.39119006395339967,0.009771683847066014,0.39119006395339967,0.0,pxowg7x7,AOS-Qwen3-8B (GRPO Ensemble),GRPO,aos-qwen3
1207,,,,,,pxowg7x7,AOS-Qwen3-8B (GRPO Ensemble),GRPO,aos-qwen3
1208,,,,,,pxowg7x7,AOS-Qwen3-8B (GRPO Ensemble),GRPO,aos-qwen3
1209,,,,,,pxowg7x7,AOS-Qwen3-8B (GRPO Ensemble),GRPO,aos-qwen3
1210,,,,,,pxowg7x7,AOS-Qwen3-8B (GRPO Ensemble),GRPO,aos-qwen3
1211,,,,,,pxowg7x7,AOS-Qwen3-8B (GRPO Ensemble),GRPO,aos-qwen3
1212,,,,,,pxowg7x7,AOS-Qwen3-8B (GRPO Ensemble),GRPO,aos-qwen3
1213,,,,,,pxowg7x7,AOS-Qwen3-8B (GRPO Ensemble),GRPO,aos-qwen3
1214,,,,,,pxowg7x7,AOS-Qwen3-8B (GRPO Ensemble),GRPO,aos-qwen3
1215,,,,,,pxowg7x7,AOS-Qwen3-8B (GRPO Ensemble),GRPO,aos-qwen3
1216,,,,,,pxowg7x7,AOS-Qwen3-8B (GRPO Ensemble),GRPO,aos-qwen3
1217,,,,,,pxowg7x7,AOS-Qwen3-8B (GRPO Ensemble),GRPO,aos-qwen3
1218,,,,,,pxowg7x7,AOS-Qwen3-8B (GRPO Ensemble),GRPO,aos-qwen3
1219,,,,,,pxowg7x7,AOS-Qwen3-8B (GRPO Ensemble),GRPO,aos-qwen3
1220,,,,,,pxowg7x7,AOS-Qwen3-8B (GRPO Ensemble),GRPO,aos-qwen3
1221,,,,,,pxowg7x7,AOS-Qwen3-8B (GRPO Ensemble),GRPO,aos-qwen3
1222,,,,,,pxowg7x7,AOS-Qwen3-8B (GRPO Ensemble),GRPO,aos-qwen3
1223,,,,,,pxowg7x7,AOS-Qwen3-8B (GRPO Ensemble),GRPO,aos-qwen3
1224,,,,,,pxowg7x7,AOS-Qwen3-8B (GRPO Ensemble),GRPO,aos-qwen3
1225,,,,,,pxowg7x7,AOS-Qwen3-8B (GRPO Ensemble),GRPO,aos-qwen3
1226,,,,,,pxowg7x7,AOS-Qwen3-8B (GRPO Ensemble),GRPO,aos-qwen3
1227,,,,,,pxowg7x7,AOS-Qwen3-8B (GRPO Ensemble),GRPO,aos-qwen3
1228,,,,,,pxowg7x7,AOS-Qwen3-8B (GRPO Ensemble),GRPO,aos-qwen3
1229,,,,,,pxowg7x7,AOS-Qwen3-8B (GRPO Ensemble),GRPO,aos-qwen3
1230,,,,,,pxowg7x7,AOS-Qwen3-8B (GRPO Ensemble),GRPO,aos-qwen3
1231,,,,,,pxowg7x7,AOS-Qwen3-8B (GRPO Ensemble),GRPO,aos-qwen3
1232,,,,,,pxowg7x7,AOS-Qwen3-8B (GRPO Ensemble),GRPO,aos-qwen3
1233,,,,,,pxowg7x7,AOS-Qwen3-8B (GRPO Ensemble),GRPO,aos-qwen3
1234,,,,,,pxowg7x7,AOS-Qwen3-8B (GRPO Ensemble),GRPO,aos-qwen3
1235,,,,,,pxowg7x7,AOS-Qwen3-8B (GRPO Ensemble),GRPO,aos-qwen3
1236,,,,,,pxowg7x7,AOS-Qwen3-8B (GRPO Ensemble),GRPO,aos-qwen3
1237,,,,,,pxowg7x7,AOS-Qwen3-8B (GRPO Ensemble),GRPO,aos-qwen3
1238,,,,,,pxowg7x7,AOS-Qwen3-8B (GRPO Ensemble),GRPO,aos-qwen3
1239,,,,,,pxowg7x7,AOS-Qwen3-8B (GRPO Ensemble),GRPO,aos-qwen3
1240,,,,,,pxowg7x7,AOS-Qwen3-8B (GRPO Ensemble),GRPO,aos-qwen3
1241,,,,,,pxowg7x7,AOS-Qwen3-8B (GRPO Ensemble),GRPO,aos-qwen3
1242,,,,,,pxowg7x7,AOS-Qwen3-8B (GRPO Ensemble),GRPO,aos-qwen3
1243,,,,,,pxowg7x7,AOS-Qwen3-8B (GRPO Ensemble),GRPO,aos-qwen3
1244,,,,,,pxowg7x7,AOS-Qwen3-8B (GRPO Ensemble),GRPO,aos-qwen3
1245,,,,,,pxowg7x7,AOS-Qwen3-8B (GRPO Ensemble),GRPO,aos-qwen3
1246,,,,,,pxowg7x7,AOS-Qwen3-8B (GRPO Ensemble),GRPO,aos-qwen3
1247,,,,,,pxowg7x7,AOS-Qwen3-8B (GRPO Ensemble),GRPO,aos-qwen3
1248,,,,,,pxowg7x7,AOS-Qwen3-8B (GRPO Ensemble),GRPO,aos-qwen3
1249,,,,,,pxowg7x7,AOS-Qwen3-8B (GRPO Ensemble),GRPO,aos-qwen3
1250,,,,,,pxowg7x7,AOS-Qwen3-8B (GRPO Ensemble),GRPO,aos-qwen3
1251,,,,,,pxowg7x7,AOS-Qwen3-8B (GRPO Ensemble),GRPO,aos-qwen3
1252,,,,,,pxowg7x7,AOS-Qwen3-8B (GRPO Ensemble),GRPO,aos-qwen3
1253,,,,,,pxowg7x7,AOS-Qwen3-8B (GRPO Ensemble),GRPO,aos-qwen3
1254,,,,,,pxowg7x7,AOS-Qwen3-8B (GRPO Ensemble),GRPO,aos-qwen3
1255,,,,,,pxowg7x7,AOS-Qwen3-8B (GRPO Ensemble),GRPO,aos-qwen3
1256,,,,,,pxowg7x7,AOS-Qwen3-8B (GRPO Ensemble),GRPO,aos-qwen3
1257,,,,,,pxowg7x7,AOS-Qwen3-8B (GRPO Ensemble),GRPO,aos-qwen3
1258,,,,,,pxowg7x7,AOS-Qwen3-8B (GRPO Ensemble),GRPO,aos-qwen3
1259,,,,,,pxowg7x7,AOS-Qwen3-8B (GRPO Ensemble),GRPO,aos-qwen3
1260,,,,,,pxowg7x7,AOS-Qwen3-8B (GRPO Ensemble),GRPO,aos-qwen3
1261,,,,,,pxowg7x7,AOS-Qwen3-8B (GRPO Ensemble),GRPO,aos-qwen3
1262,,,,,,pxowg7x7,AOS-Qwen3-8B (GRPO Ensemble),GRPO,aos-qwen3
1263,,,,,,pxowg7x7,AOS-Qwen3-8B (GRPO Ensemble),GRPO,aos-qwen3
1264,,,,,,pxowg7x7,AOS-Qwen3-8B (GRPO Ensemble),GRPO,aos-qwen3
1265,,,,,,pxowg7x7,AOS-Qwen3-8B (GRPO Ensemble),GRPO,aos-qwen3
1266,,,,,,pxowg7x7,AOS-Qwen3-8B (GRPO Ensemble),GRPO,aos-qwen3
1267,,,,,,pxowg7x7,AOS-Qwen3-8B (GRPO Ensemble),GRPO,aos-qwen3
1268,,,,,,pxowg7x7,AOS-Qwen3-8B (GRPO Ensemble),GRPO,aos-qwen3
1269,,,,,,pxowg7x7,AOS-Qwen3-8B (GRPO Ensemble),GRPO,aos-qwen3
1270,,,,,,pxowg7x7,AOS-Qwen3-8B (GRPO Ensemble),GRPO,aos-qwen3
1271,,,,,,pxowg7x7,AOS-Qwen3-8B (GRPO Ensemble),GRPO,aos-qwen3
1272,,,,,,pxowg7x7,AOS-Qwen3-8B (GRPO Ensemble),GRPO,aos-qwen3
1273,,,,,,pxowg7x7,AOS-Qwen3-8B (GRPO Ensemble),GRPO,aos-qwen3
1274,,,,,,pxowg7x7,AOS-Qwen3-8B (GRPO Ensemble),GRPO,aos-qwen3
1275,,,,,,pxowg7x7,AOS-Qwen3-8B (GRPO Ensemble),GRPO,aos-qwen3
1276,,,,,,pxowg7x7,AOS-Qwen3-8B (GRPO Ensemble),GRPO,aos-qwen3
1277,0.0082,0.3984364360570908,0.015251798660028727,0.3984364360570908,0.0,pxowg7x7,AOS-Qwen3-8B (GRPO Ensemble),GRPO,aos-qwen3
1278,,,,,,pxowg7x7,AOS-Qwen3-8B (GRPO Ensemble),GRPO,aos-qwen3
1279,,,,,,pxowg7x7,AOS-Qwen3-8B (GRPO Ensemble),GRPO,aos-qwen3
1280,,,,,,pxowg7x7,AOS-Qwen3-8B (GRPO Ensemble),GRPO,aos-qwen3
1281,,,,,,pxowg7x7,AOS-Qwen3-8B (GRPO Ensemble),GRPO,aos-qwen3
1282,,,,,,pxowg7x7,AOS-Qwen3-8B (GRPO Ensemble),GRPO,aos-qwen3
1283,,,,,,pxowg7x7,AOS-Qwen3-8B (GRPO Ensemble),GRPO,aos-qwen3
1284,,,,,,pxowg7x7,AOS-Qwen3-8B (GRPO Ensemble),GRPO,aos-qwen3
1285,,,,,,pxowg7x7,AOS-Qwen3-8B (GRPO Ensemble),GRPO,aos-qwen3
1286,,,,,,pxowg7x7,AOS-Qwen3-8B (GRPO Ensemble),GRPO,aos-qwen3
1287,,,,,,pxowg7x7,AOS-Qwen3-8B (GRPO Ensemble),GRPO,aos-qwen3
1288,,,,,,pxowg7x7,AOS-Qwen3-8B (GRPO Ensemble),GRPO,aos-qwen3
1289,,,,,,pxowg7x7,AOS-Qwen3-8B (GRPO Ensemble),GRPO,aos-qwen3
1290,,,,,,pxowg7x7,AOS-Qwen3-8B (GRPO Ensemble),GRPO,aos-qwen3
1291,,,,,,pxowg7x7,AOS-Qwen3-8B (GRPO Ensemble),GRPO,aos-qwen3
1292,,,,,,pxowg7x7,AOS-Qwen3-8B (GRPO Ensemble),GRPO,aos-qwen3
1293,,,,,,pxowg7x7,AOS-Qwen3-8B (GRPO Ensemble),GRPO,aos-qwen3
1294,,,,,,pxowg7x7,AOS-Qwen3-8B (GRPO Ensemble),GRPO,aos-qwen3
1295,,,,,,pxowg7x7,AOS-Qwen3-8B (GRPO Ensemble),GRPO,aos-qwen3
1296,,,,,,pxowg7x7,AOS-Qwen3-8B (GRPO Ensemble),GRPO,aos-qwen3
1297,,,,,,pxowg7x7,AOS-Qwen3-8B (GRPO Ensemble),GRPO,aos-qwen3
1298,,,,,,pxowg7x7,AOS-Qwen3-8B (GRPO Ensemble),GRPO,aos-qwen3
1299,,,,,,pxowg7x7,AOS-Qwen3-8B (GRPO Ensemble),GRPO,aos-qwen3
1300,,,,,,pxowg7x7,AOS-Qwen3-8B (GRPO Ensemble),GRPO,aos-qwen3
1301,,,,,,pxowg7x7,AOS-Qwen3-8B (GRPO Ensemble),GRPO,aos-qwen3
1302,,,,,,pxowg7x7,AOS-Qwen3-8B (GRPO Ensemble),GRPO,aos-qwen3
1303,,,,,,pxowg7x7,AOS-Qwen3-8B (GRPO Ensemble),GRPO,aos-qwen3
1304,,,,,,pxowg7x7,AOS-Qwen3-8B (GRPO Ensemble),GRPO,aos-qwen3
1305,,,,,,pxowg7x7,AOS-Qwen3-8B (GRPO Ensemble),GRPO,aos-qwen3
1306,,,,,,pxowg7x7,AOS-Qwen3-8B (GRPO Ensemble),GRPO,aos-qwen3
1307,,,,,,pxowg7x7,AOS-Qwen3-8B (GRPO Ensemble),GRPO,aos-qwen3
1308,,,,,,pxowg7x7,AOS-Qwen3-8B (GRPO Ensemble),GRPO,aos-qwen3
1309,,,,,,pxowg7x7,AOS-Qwen3-8B (GRPO Ensemble),GRPO,aos-qwen3
1310,,,,,,pxowg7x7,AOS-Qwen3-8B (GRPO Ensemble),GRPO,aos-qwen3
1311,,,,,,pxowg7x7,AOS-Qwen3-8B (GRPO Ensemble),GRPO,aos-qwen3
1312,,,,,,pxowg7x7,AOS-Qwen3-8B (GRPO Ensemble),GRPO,aos-qwen3
1313,,,,,,pxowg7x7,AOS-Qwen3-8B (GRPO Ensemble),GRPO,aos-qwen3
1314,,,,,,pxowg7x7,AOS-Qwen3-8B (GRPO Ensemble),GRPO,aos-qwen3
1315,,,,,,pxowg7x7,AOS-Qwen3-8B (GRPO Ensemble),GRPO,aos-qwen3
1316,,,,,,pxowg7x7,AOS-Qwen3-8B (GRPO Ensemble),GRPO,aos-qwen3
1317,,,,,,pxowg7x7,AOS-Qwen3-8B (GRPO Ensemble),GRPO,aos-qwen3
1318,,,,,,pxowg7x7,AOS-Qwen3-8B (GRPO Ensemble),GRPO,aos-qwen3
1319,,,,,,pxowg7x7,AOS-Qwen3-8B (GRPO Ensemble),GRPO,aos-qwen3
1320,,,,,,pxowg7x7,AOS-Qwen3-8B (GRPO Ensemble),GRPO,aos-qwen3
1321,,,,,,pxowg7x7,AOS-Qwen3-8B (GRPO Ensemble),GRPO,aos-qwen3
1322,,,,,,pxowg7x7,AOS-Qwen3-8B (GRPO Ensemble),GRPO,aos-qwen3
1323,,,,,,pxowg7x7,AOS-Qwen3-8B (GRPO Ensemble),GRPO,aos-qwen3
1324,,,,,,pxowg7x7,AOS-Qwen3-8B (GRPO Ensemble),GRPO,aos-qwen3
1325,,,,,,pxowg7x7,AOS-Qwen3-8B (GRPO Ensemble),GRPO,aos-qwen3
1326,,,,,,pxowg7x7,AOS-Qwen3-8B (GRPO Ensemble),GRPO,aos-qwen3
1327,,,,,,pxowg7x7,AOS-Qwen3-8B (GRPO Ensemble),GRPO,aos-qwen3
1328,,,,,,pxowg7x7,AOS-Qwen3-8B (GRPO Ensemble),GRPO,aos-qwen3
1329,,,,,,pxowg7x7,AOS-Qwen3-8B (GRPO Ensemble),GRPO,aos-qwen3
1330,,,,,,pxowg7x7,AOS-Qwen3-8B (GRPO Ensemble),GRPO,aos-qwen3
1331,,,,,,pxowg7x7,AOS-Qwen3-8B (GRPO Ensemble),GRPO,aos-qwen3
1332,,,,,,pxowg7x7,AOS-Qwen3-8B (GRPO Ensemble),GRPO,aos-qwen3
1333,,,,,,pxowg7x7,AOS-Qwen3-8B (GRPO Ensemble),GRPO,aos-qwen3
1334,,,,,,pxowg7x7,AOS-Qwen3-8B (GRPO Ensemble),GRPO,aos-qwen3
1335,,,,,,pxowg7x7,AOS-Qwen3-8B (GRPO Ensemble),GRPO,aos-qwen3
1336,,,,,,pxowg7x7,AOS-Qwen3-8B (GRPO Ensemble),GRPO,aos-qwen3
1337,,,,,,pxowg7x7,AOS-Qwen3-8B (GRPO Ensemble),GRPO,aos-qwen3
1338,,,,,,pxowg7x7,AOS-Qwen3-8B (GRPO Ensemble),GRPO,aos-qwen3
1339,,,,,,pxowg7x7,AOS-Qwen3-8B (GRPO Ensemble),GRPO,aos-qwen3
1340,,,,,,pxowg7x7,AOS-Qwen3-8B (GRPO Ensemble),GRPO,aos-qwen3
1341,,,,,,pxowg7x7,AOS-Qwen3-8B (GRPO Ensemble),GRPO,aos-qwen3
1342,,,,,,pxowg7x7,AOS-Qwen3-8B (GRPO Ensemble),GRPO,aos-qwen3
1343,,,,,,pxowg7x7,AOS-Qwen3-8B (GRPO Ensemble),GRPO,aos-qwen3
1344,,,,,,pxowg7x7,AOS-Qwen3-8B (GRPO Ensemble),GRPO,aos-qwen3
1345,,,,,,pxowg7x7,AOS-Qwen3-8B (GRPO Ensemble),GRPO,aos-qwen3
1346,,,,,,pxowg7x7,AOS-Qwen3-8B (GRPO Ensemble),GRPO,aos-qwen3
1347,,,,,,pxowg7x7,AOS-Qwen3-8B (GRPO Ensemble),GRPO,aos-qwen3
1348,0.0277,0.3956220746040344,0.008073763677384705,0.3956220746040344,0.0,pxowg7x7,AOS-Qwen3-8B (GRPO Ensemble),GRPO,aos-qwen3
1349,,,,,,pxowg7x7,AOS-Qwen3-8B (GRPO Ensemble),GRPO,aos-qwen3
1350,,,,,,pxowg7x7,AOS-Qwen3-8B (GRPO Ensemble),GRPO,aos-qwen3
1351,,,,,,pxowg7x7,AOS-Qwen3-8B (GRPO Ensemble),GRPO,aos-qwen3
1352,,,,,,pxowg7x7,AOS-Qwen3-8B (GRPO Ensemble),GRPO,aos-qwen3
1353,,,,,,pxowg7x7,AOS-Qwen3-8B (GRPO Ensemble),GRPO,aos-qwen3
1354,,,,,,pxowg7x7,AOS-Qwen3-8B (GRPO Ensemble),GRPO,aos-qwen3
1355,,,,,,pxowg7x7,AOS-Qwen3-8B (GRPO Ensemble),GRPO,aos-qwen3
1356,,,,,,pxowg7x7,AOS-Qwen3-8B (GRPO Ensemble),GRPO,aos-qwen3
1357,,,,,,pxowg7x7,AOS-Qwen3-8B (GRPO Ensemble),GRPO,aos-qwen3
1358,,,,,,pxowg7x7,AOS-Qwen3-8B (GRPO Ensemble),GRPO,aos-qwen3
1359,,,,,,pxowg7x7,AOS-Qwen3-8B (GRPO Ensemble),GRPO,aos-qwen3
1360,,,,,,pxowg7x7,AOS-Qwen3-8B (GRPO Ensemble),GRPO,aos-qwen3
1361,,,,,,pxowg7x7,AOS-Qwen3-8B (GRPO Ensemble),GRPO,aos-qwen3
1362,,,,,,pxowg7x7,AOS-Qwen3-8B (GRPO Ensemble),GRPO,aos-qwen3
1363,,,,,,pxowg7x7,AOS-Qwen3-8B (GRPO Ensemble),GRPO,aos-qwen3
1364,,,,,,pxowg7x7,AOS-Qwen3-8B (GRPO Ensemble),GRPO,aos-qwen3
1365,,,,,,pxowg7x7,AOS-Qwen3-8B (GRPO Ensemble),GRPO,aos-qwen3
1366,,,,,,pxowg7x7,AOS-Qwen3-8B (GRPO Ensemble),GRPO,aos-qwen3
1367,,,,,,pxowg7x7,AOS-Qwen3-8B (GRPO Ensemble),GRPO,aos-qwen3
1368,,,,,,pxowg7x7,AOS-Qwen3-8B (GRPO Ensemble),GRPO,aos-qwen3
1369,,,,,,pxowg7x7,AOS-Qwen3-8B (GRPO Ensemble),GRPO,aos-qwen3
1370,,,,,,pxowg7x7,AOS-Qwen3-8B (GRPO Ensemble),GRPO,aos-qwen3
1371,,,,,,pxowg7x7,AOS-Qwen3-8B (GRPO Ensemble),GRPO,aos-qwen3
1372,,,,,,pxowg7x7,AOS-Qwen3-8B (GRPO Ensemble),GRPO,aos-qwen3
1373,,,,,,pxowg7x7,AOS-Qwen3-8B (GRPO Ensemble),GRPO,aos-qwen3
1374,,,,,,pxowg7x7,AOS-Qwen3-8B (GRPO Ensemble),GRPO,aos-qwen3
1375,,,,,,pxowg7x7,AOS-Qwen3-8B (GRPO Ensemble),GRPO,aos-qwen3
1376,,,,,,pxowg7x7,AOS-Qwen3-8B (GRPO Ensemble),GRPO,aos-qwen3
1377,,,,,,pxowg7x7,AOS-Qwen3-8B (GRPO Ensemble),GRPO,aos-qwen3
1378,,,,,,pxowg7x7,AOS-Qwen3-8B (GRPO Ensemble),GRPO,aos-qwen3
1379,,,,,,pxowg7x7,AOS-Qwen3-8B (GRPO Ensemble),GRPO,aos-qwen3
1380,,,,,,pxowg7x7,AOS-Qwen3-8B (GRPO Ensemble),GRPO,aos-qwen3
1381,,,,,,pxowg7x7,AOS-Qwen3-8B (GRPO Ensemble),GRPO,aos-qwen3
1382,,,,,,pxowg7x7,AOS-Qwen3-8B (GRPO Ensemble),GRPO,aos-qwen3
1383,,,,,,pxowg7x7,AOS-Qwen3-8B (GRPO Ensemble),GRPO,aos-qwen3
1384,,,,,,pxowg7x7,AOS-Qwen3-8B (GRPO Ensemble),GRPO,aos-qwen3
1385,,,,,,pxowg7x7,AOS-Qwen3-8B (GRPO Ensemble),GRPO,aos-qwen3
1386,,,,,,pxowg7x7,AOS-Qwen3-8B (GRPO Ensemble),GRPO,aos-qwen3
1387,,,,,,pxowg7x7,AOS-Qwen3-8B (GRPO Ensemble),GRPO,aos-qwen3
1388,,,,,,pxowg7x7,AOS-Qwen3-8B (GRPO Ensemble),GRPO,aos-qwen3
1389,,,,,,pxowg7x7,AOS-Qwen3-8B (GRPO Ensemble),GRPO,aos-qwen3
1390,,,,,,pxowg7x7,AOS-Qwen3-8B (GRPO Ensemble),GRPO,aos-qwen3
1391,,,,,,pxowg7x7,AOS-Qwen3-8B (GRPO Ensemble),GRPO,aos-qwen3
1392,,,,,,pxowg7x7,AOS-Qwen3-8B (GRPO Ensemble),GRPO,aos-qwen3
1393,,,,,,pxowg7x7,AOS-Qwen3-8B (GRPO Ensemble),GRPO,aos-qwen3
1394,,,,,,pxowg7x7,AOS-Qwen3-8B (GRPO Ensemble),GRPO,aos-qwen3
1395,,,,,,pxowg7x7,AOS-Qwen3-8B (GRPO Ensemble),GRPO,aos-qwen3
1396,,,,,,pxowg7x7,AOS-Qwen3-8B (GRPO Ensemble),GRPO,aos-qwen3
1397,,,,,,pxowg7x7,AOS-Qwen3-8B (GRPO Ensemble),GRPO,aos-qwen3
1398,,,,,,pxowg7x7,AOS-Qwen3-8B (GRPO Ensemble),GRPO,aos-qwen3
1399,,,,,,pxowg7x7,AOS-Qwen3-8B (GRPO Ensemble),GRPO,aos-qwen3
1400,,,,,,pxowg7x7,AOS-Qwen3-8B (GRPO Ensemble),GRPO,aos-qwen3
1401,,,,,,pxowg7x7,AOS-Qwen3-8B (GRPO Ensemble),GRPO,aos-qwen3
1402,,,,,,pxowg7x7,AOS-Qwen3-8B (GRPO Ensemble),GRPO,aos-qwen3
1403,,,,,,pxowg7x7,AOS-Qwen3-8B (GRPO Ensemble),GRPO,aos-qwen3
1404,,,,,,pxowg7x7,AOS-Qwen3-8B (GRPO Ensemble),GRPO,aos-qwen3
1405,,,,,,pxowg7x7,AOS-Qwen3-8B (GRPO Ensemble),GRPO,aos-qwen3
1406,,,,,,pxowg7x7,AOS-Qwen3-8B (GRPO Ensemble),GRPO,aos-qwen3
1407,,,,,,pxowg7x7,AOS-Qwen3-8B (GRPO Ensemble),GRPO,aos-qwen3
1408,,,,,,pxowg7x7,AOS-Qwen3-8B (GRPO Ensemble),GRPO,aos-qwen3
1409,,,,,,pxowg7x7,AOS-Qwen3-8B (GRPO Ensemble),GRPO,aos-qwen3
1410,,,,,,pxowg7x7,AOS-Qwen3-8B (GRPO Ensemble),GRPO,aos-qwen3
1411,,,,,,pxowg7x7,AOS-Qwen3-8B (GRPO Ensemble),GRPO,aos-qwen3
1412,,,,,,pxowg7x7,AOS-Qwen3-8B (GRPO Ensemble),GRPO,aos-qwen3
1413,,,,,,pxowg7x7,AOS-Qwen3-8B (GRPO Ensemble),GRPO,aos-qwen3
1414,,,,,,pxowg7x7,AOS-Qwen3-8B (GRPO Ensemble),GRPO,aos-qwen3
1415,,,,,,pxowg7x7,AOS-Qwen3-8B (GRPO Ensemble),GRPO,aos-qwen3
1416,,,,,,pxowg7x7,AOS-Qwen3-8B (GRPO Ensemble),GRPO,aos-qwen3
1417,,,,,,pxowg7x7,AOS-Qwen3-8B (GRPO Ensemble),GRPO,aos-qwen3
1418,,,,,,pxowg7x7,AOS-Qwen3-8B (GRPO Ensemble),GRPO,aos-qwen3
1419,0.0263,0.3871971666812897,0.013541346241981955,0.3871971666812897,0.0,pxowg7x7,AOS-Qwen3-8B (GRPO Ensemble),GRPO,aos-qwen3
1420,,,,,,pxowg7x7,AOS-Qwen3-8B (GRPO Ensemble),GRPO,aos-qwen3
1421,,,,,,pxowg7x7,AOS-Qwen3-8B (GRPO Ensemble),GRPO,aos-qwen3
1422,,,,,,pxowg7x7,AOS-Qwen3-8B (GRPO Ensemble),GRPO,aos-qwen3
1423,,,,,,pxowg7x7,AOS-Qwen3-8B (GRPO Ensemble),GRPO,aos-qwen3
1424,,,,,,pxowg7x7,AOS-Qwen3-8B (GRPO Ensemble),GRPO,aos-qwen3
1425,,,,,,pxowg7x7,AOS-Qwen3-8B (GRPO Ensemble),GRPO,aos-qwen3
1426,,,,,,pxowg7x7,AOS-Qwen3-8B (GRPO Ensemble),GRPO,aos-qwen3
1427,,,,,,pxowg7x7,AOS-Qwen3-8B (GRPO Ensemble),GRPO,aos-qwen3
1428,,,,,,pxowg7x7,AOS-Qwen3-8B (GRPO Ensemble),GRPO,aos-qwen3
1429,,,,,,pxowg7x7,AOS-Qwen3-8B (GRPO Ensemble),GRPO,aos-qwen3
1430,,,,,,pxowg7x7,AOS-Qwen3-8B (GRPO Ensemble),GRPO,aos-qwen3
1431,,,,,,pxowg7x7,AOS-Qwen3-8B (GRPO Ensemble),GRPO,aos-qwen3
1432,,,,,,pxowg7x7,AOS-Qwen3-8B (GRPO Ensemble),GRPO,aos-qwen3
1433,,,,,,pxowg7x7,AOS-Qwen3-8B (GRPO Ensemble),GRPO,aos-qwen3
1434,,,,,,pxowg7x7,AOS-Qwen3-8B (GRPO Ensemble),GRPO,aos-qwen3
1435,,,,,,pxowg7x7,AOS-Qwen3-8B (GRPO Ensemble),GRPO,aos-qwen3
1436,,,,,,pxowg7x7,AOS-Qwen3-8B (GRPO Ensemble),GRPO,aos-qwen3
1437,,,,,,pxowg7x7,AOS-Qwen3-8B (GRPO Ensemble),GRPO,aos-qwen3
1438,,,,,,pxowg7x7,AOS-Qwen3-8B (GRPO Ensemble),GRPO,aos-qwen3
1439,,,,,,pxowg7x7,AOS-Qwen3-8B (GRPO Ensemble),GRPO,aos-qwen3
1440,,,,,,pxowg7x7,AOS-Qwen3-8B (GRPO Ensemble),GRPO,aos-qwen3
1441,,,,,,pxowg7x7,AOS-Qwen3-8B (GRPO Ensemble),GRPO,aos-qwen3
1442,,,,,,pxowg7x7,AOS-Qwen3-8B (GRPO Ensemble),GRPO,aos-qwen3
1443,,,,,,pxowg7x7,AOS-Qwen3-8B (GRPO Ensemble),GRPO,aos-qwen3
1444,,,,,,pxowg7x7,AOS-Qwen3-8B (GRPO Ensemble),GRPO,aos-qwen3
1445,,,,,,pxowg7x7,AOS-Qwen3-8B (GRPO Ensemble),GRPO,aos-qwen3
1446,,,,,,pxowg7x7,AOS-Qwen3-8B (GRPO Ensemble),GRPO,aos-qwen3
1447,,,,,,pxowg7x7,AOS-Qwen3-8B (GRPO Ensemble),GRPO,aos-qwen3
1448,,,,,,pxowg7x7,AOS-Qwen3-8B (GRPO Ensemble),GRPO,aos-qwen3
1449,,,,,,pxowg7x7,AOS-Qwen3-8B (GRPO Ensemble),GRPO,aos-qwen3
1450,,,,,,pxowg7x7,AOS-Qwen3-8B (GRPO Ensemble),GRPO,aos-qwen3
1451,,,,,,pxowg7x7,AOS-Qwen3-8B (GRPO Ensemble),GRPO,aos-qwen3
1452,,,,,,pxowg7x7,AOS-Qwen3-8B (GRPO Ensemble),GRPO,aos-qwen3
1453,,,,,,pxowg7x7,AOS-Qwen3-8B (GRPO Ensemble),GRPO,aos-qwen3
1454,,,,,,pxowg7x7,AOS-Qwen3-8B (GRPO Ensemble),GRPO,aos-qwen3
1455,,,,,,pxowg7x7,AOS-Qwen3-8B (GRPO Ensemble),GRPO,aos-qwen3
1456,,,,,,pxowg7x7,AOS-Qwen3-8B (GRPO Ensemble),GRPO,aos-qwen3
1457,,,,,,pxowg7x7,AOS-Qwen3-8B (GRPO Ensemble),GRPO,aos-qwen3
1458,,,,,,pxowg7x7,AOS-Qwen3-8B (GRPO Ensemble),GRPO,aos-qwen3
1459,,,,,,pxowg7x7,AOS-Qwen3-8B (GRPO Ensemble),GRPO,aos-qwen3
1460,,,,,,pxowg7x7,AOS-Qwen3-8B (GRPO Ensemble),GRPO,aos-qwen3
1461,,,,,,pxowg7x7,AOS-Qwen3-8B (GRPO Ensemble),GRPO,aos-qwen3
1462,,,,,,pxowg7x7,AOS-Qwen3-8B (GRPO Ensemble),GRPO,aos-qwen3
1463,,,,,,pxowg7x7,AOS-Qwen3-8B (GRPO Ensemble),GRPO,aos-qwen3
1464,,,,,,pxowg7x7,AOS-Qwen3-8B (GRPO Ensemble),GRPO,aos-qwen3
1465,,,,,,pxowg7x7,AOS-Qwen3-8B (GRPO Ensemble),GRPO,aos-qwen3
1466,,,,,,pxowg7x7,AOS-Qwen3-8B (GRPO Ensemble),GRPO,aos-qwen3
1467,,,,,,pxowg7x7,AOS-Qwen3-8B (GRPO Ensemble),GRPO,aos-qwen3
1468,,,,,,pxowg7x7,AOS-Qwen3-8B (GRPO Ensemble),GRPO,aos-qwen3
1469,,,,,,pxowg7x7,AOS-Qwen3-8B (GRPO Ensemble),GRPO,aos-qwen3
1470,,,,,,pxowg7x7,AOS-Qwen3-8B (GRPO Ensemble),GRPO,aos-qwen3
1471,,,,,,pxowg7x7,AOS-Qwen3-8B (GRPO Ensemble),GRPO,aos-qwen3
1472,,,,,,pxowg7x7,AOS-Qwen3-8B (GRPO Ensemble),GRPO,aos-qwen3
1473,,,,,,pxowg7x7,AOS-Qwen3-8B (GRPO Ensemble),GRPO,aos-qwen3
1474,,,,,,pxowg7x7,AOS-Qwen3-8B (GRPO Ensemble),GRPO,aos-qwen3
1475,,,,,,pxowg7x7,AOS-Qwen3-8B (GRPO Ensemble),GRPO,aos-qwen3
1476,,,,,,pxowg7x7,AOS-Qwen3-8B (GRPO Ensemble),GRPO,aos-qwen3
1477,,,,,,pxowg7x7,AOS-Qwen3-8B (GRPO Ensemble),GRPO,aos-qwen3
1478,,,,,,pxowg7x7,AOS-Qwen3-8B (GRPO Ensemble),GRPO,aos-qwen3
1479,,,,,,pxowg7x7,AOS-Qwen3-8B (GRPO Ensemble),GRPO,aos-qwen3
1480,,,,,,pxowg7x7,AOS-Qwen3-8B (GRPO Ensemble),GRPO,aos-qwen3
1481,,,,,,pxowg7x7,AOS-Qwen3-8B (GRPO Ensemble),GRPO,aos-qwen3
1482,,,,,,pxowg7x7,AOS-Qwen3-8B (GRPO Ensemble),GRPO,aos-qwen3
1483,,,,,,pxowg7x7,AOS-Qwen3-8B (GRPO Ensemble),GRPO,aos-qwen3
1484,,,,,,pxowg7x7,AOS-Qwen3-8B (GRPO Ensemble),GRPO,aos-qwen3
1485,,,,,,pxowg7x7,AOS-Qwen3-8B (GRPO Ensemble),GRPO,aos-qwen3
1486,,,,,,pxowg7x7,AOS-Qwen3-8B (GRPO Ensemble),GRPO,aos-qwen3
1487,,,,,,pxowg7x7,AOS-Qwen3-8B (GRPO Ensemble),GRPO,aos-qwen3
1488,,,,,,pxowg7x7,AOS-Qwen3-8B (GRPO Ensemble),GRPO,aos-qwen3
1489,,,,,,pxowg7x7,AOS-Qwen3-8B (GRPO Ensemble),GRPO,aos-qwen3
1490,-0.0117,0.40537834763526914,0.003022489069007861,0.40537834763526914,0.0,pxowg7x7,AOS-Qwen3-8B (GRPO Ensemble),GRPO,aos-qwen3
1491,,,,,,pxowg7x7,AOS-Qwen3-8B (GRPO Ensemble),GRPO,aos-qwen3
1492,,,,,,pxowg7x7,AOS-Qwen3-8B (GRPO Ensemble),GRPO,aos-qwen3
1493,,,,,,pxowg7x7,AOS-Qwen3-8B (GRPO Ensemble),GRPO,aos-qwen3
1494,,,,,,pxowg7x7,AOS-Qwen3-8B (GRPO Ensemble),GRPO,aos-qwen3
1495,,,,,,pxowg7x7,AOS-Qwen3-8B (GRPO Ensemble),GRPO,aos-qwen3
1496,,,,,,pxowg7x7,AOS-Qwen3-8B (GRPO Ensemble),GRPO,aos-qwen3
1497,,,,,,pxowg7x7,AOS-Qwen3-8B (GRPO Ensemble),GRPO,aos-qwen3
1498,,,,,,pxowg7x7,AOS-Qwen3-8B (GRPO Ensemble),GRPO,aos-qwen3
1499,,,,,,pxowg7x7,AOS-Qwen3-8B (GRPO Ensemble),GRPO,aos-qwen3
1500,,,,,,pxowg7x7,AOS-Qwen3-8B (GRPO Ensemble),GRPO,aos-qwen3
1501,,,,,,pxowg7x7,AOS-Qwen3-8B (GRPO Ensemble),GRPO,aos-qwen3
1502,,,,,,pxowg7x7,AOS-Qwen3-8B (GRPO Ensemble),GRPO,aos-qwen3
1503,,,,,,pxowg7x7,AOS-Qwen3-8B (GRPO Ensemble),GRPO,aos-qwen3
1504,,,,,,pxowg7x7,AOS-Qwen3-8B (GRPO Ensemble),GRPO,aos-qwen3
1505,,,,,,pxowg7x7,AOS-Qwen3-8B (GRPO Ensemble),GRPO,aos-qwen3
1506,,,,,,pxowg7x7,AOS-Qwen3-8B (GRPO Ensemble),GRPO,aos-qwen3
1507,,,,,,pxowg7x7,AOS-Qwen3-8B (GRPO Ensemble),GRPO,aos-qwen3
1508,,,,,,pxowg7x7,AOS-Qwen3-8B (GRPO Ensemble),GRPO,aos-qwen3
1509,,,,,,pxowg7x7,AOS-Qwen3-8B (GRPO Ensemble),GRPO,aos-qwen3
1510,,,,,,pxowg7x7,AOS-Qwen3-8B (GRPO Ensemble),GRPO,aos-qwen3
1511,,,,,,pxowg7x7,AOS-Qwen3-8B (GRPO Ensemble),GRPO,aos-qwen3
1512,,,,,,pxowg7x7,AOS-Qwen3-8B (GRPO Ensemble),GRPO,aos-qwen3
1513,,,,,,pxowg7x7,AOS-Qwen3-8B (GRPO Ensemble),GRPO,aos-qwen3
1514,,,,,,pxowg7x7,AOS-Qwen3-8B (GRPO Ensemble),GRPO,aos-qwen3
1515,,,,,,pxowg7x7,AOS-Qwen3-8B (GRPO Ensemble),GRPO,aos-qwen3
1516,,,,,,pxowg7x7,AOS-Qwen3-8B (GRPO Ensemble),GRPO,aos-qwen3
1517,,,,,,pxowg7x7,AOS-Qwen3-8B (GRPO Ensemble),GRPO,aos-qwen3
1518,,,,,,pxowg7x7,AOS-Qwen3-8B (GRPO Ensemble),GRPO,aos-qwen3
1519,,,,,,pxowg7x7,AOS-Qwen3-8B (GRPO Ensemble),GRPO,aos-qwen3
1520,,,,,,pxowg7x7,AOS-Qwen3-8B (GRPO Ensemble),GRPO,aos-qwen3
1521,,,,,,pxowg7x7,AOS-Qwen3-8B (GRPO Ensemble),GRPO,aos-qwen3
1522,,,,,,pxowg7x7,AOS-Qwen3-8B (GRPO Ensemble),GRPO,aos-qwen3
1523,,,,,,pxowg7x7,AOS-Qwen3-8B (GRPO Ensemble),GRPO,aos-qwen3
1524,,,,,,pxowg7x7,AOS-Qwen3-8B (GRPO Ensemble),GRPO,aos-qwen3
1525,,,,,,pxowg7x7,AOS-Qwen3-8B (GRPO Ensemble),GRPO,aos-qwen3
1526,,,,,,pxowg7x7,AOS-Qwen3-8B (GRPO Ensemble),GRPO,aos-qwen3
1527,,,,,,pxowg7x7,AOS-Qwen3-8B (GRPO Ensemble),GRPO,aos-qwen3
1528,,,,,,pxowg7x7,AOS-Qwen3-8B (GRPO Ensemble),GRPO,aos-qwen3
1529,,,,,,pxowg7x7,AOS-Qwen3-8B (GRPO Ensemble),GRPO,aos-qwen3
1530,,,,,,pxowg7x7,AOS-Qwen3-8B (GRPO Ensemble),GRPO,aos-qwen3
1531,,,,,,pxowg7x7,AOS-Qwen3-8B (GRPO Ensemble),GRPO,aos-qwen3
1532,,,,,,pxowg7x7,AOS-Qwen3-8B (GRPO Ensemble),GRPO,aos-qwen3
1533,,,,,,pxowg7x7,AOS-Qwen3-8B (GRPO Ensemble),GRPO,aos-qwen3
1534,,,,,,pxowg7x7,AOS-Qwen3-8B (GRPO Ensemble),GRPO,aos-qwen3
1535,,,,,,pxowg7x7,AOS-Qwen3-8B (GRPO Ensemble),GRPO,aos-qwen3
1536,,,,,,pxowg7x7,AOS-Qwen3-8B (GRPO Ensemble),GRPO,aos-qwen3
1537,,,,,,pxowg7x7,AOS-Qwen3-8B (GRPO Ensemble),GRPO,aos-qwen3
1538,,,,,,pxowg7x7,AOS-Qwen3-8B (GRPO Ensemble),GRPO,aos-qwen3
1539,,,,,,pxowg7x7,AOS-Qwen3-8B (GRPO Ensemble),GRPO,aos-qwen3
1540,,,,,,pxowg7x7,AOS-Qwen3-8B (GRPO Ensemble),GRPO,aos-qwen3
1541,,,,,,pxowg7x7,AOS-Qwen3-8B (GRPO Ensemble),GRPO,aos-qwen3
1542,,,,,,pxowg7x7,AOS-Qwen3-8B (GRPO Ensemble),GRPO,aos-qwen3
1543,,,,,,pxowg7x7,AOS-Qwen3-8B (GRPO Ensemble),GRPO,aos-qwen3
1544,,,,,,pxowg7x7,AOS-Qwen3-8B (GRPO Ensemble),GRPO,aos-qwen3
1545,,,,,,pxowg7x7,AOS-Qwen3-8B (GRPO Ensemble),GRPO,aos-qwen3
1546,,,,,,pxowg7x7,AOS-Qwen3-8B (GRPO Ensemble),GRPO,aos-qwen3
1547,,,,,,pxowg7x7,AOS-Qwen3-8B (GRPO Ensemble),GRPO,aos-qwen3
1548,,,,,,pxowg7x7,AOS-Qwen3-8B (GRPO Ensemble),GRPO,aos-qwen3
1549,,,,,,pxowg7x7,AOS-Qwen3-8B (GRPO Ensemble),GRPO,aos-qwen3
1550,,,,,,pxowg7x7,AOS-Qwen3-8B (GRPO Ensemble),GRPO,aos-qwen3
1551,,,,,,pxowg7x7,AOS-Qwen3-8B (GRPO Ensemble),GRPO,aos-qwen3
1552,,,,,,pxowg7x7,AOS-Qwen3-8B (GRPO Ensemble),GRPO,aos-qwen3
1553,,,,,,pxowg7x7,AOS-Qwen3-8B (GRPO Ensemble),GRPO,aos-qwen3
1554,,,,,,pxowg7x7,AOS-Qwen3-8B (GRPO Ensemble),GRPO,aos-qwen3
1555,,,,,,pxowg7x7,AOS-Qwen3-8B (GRPO Ensemble),GRPO,aos-qwen3
1556,,,,,,pxowg7x7,AOS-Qwen3-8B (GRPO Ensemble),GRPO,aos-qwen3
1557,,,,,,pxowg7x7,AOS-Qwen3-8B (GRPO Ensemble),GRPO,aos-qwen3
1558,,,,,,pxowg7x7,AOS-Qwen3-8B (GRPO Ensemble),GRPO,aos-qwen3
1559,,,,,,pxowg7x7,AOS-Qwen3-8B (GRPO Ensemble),GRPO,aos-qwen3
1560,,,,,,pxowg7x7,AOS-Qwen3-8B (GRPO Ensemble),GRPO,aos-qwen3
1561,-0.0224,0.4031335324048996,0.005969972421007696,0.4031335324048996,0.0,pxowg7x7,AOS-Qwen3-8B (GRPO Ensemble),GRPO,aos-qwen3
1562,,,,,,pxowg7x7,AOS-Qwen3-8B (GRPO Ensemble),GRPO,aos-qwen3
1563,,,,,,pxowg7x7,AOS-Qwen3-8B (GRPO Ensemble),GRPO,aos-qwen3
1564,,,,,,pxowg7x7,AOS-Qwen3-8B (GRPO Ensemble),GRPO,aos-qwen3
1565,,,,,,pxowg7x7,AOS-Qwen3-8B (GRPO Ensemble),GRPO,aos-qwen3
1566,,,,,,pxowg7x7,AOS-Qwen3-8B (GRPO Ensemble),GRPO,aos-qwen3
1567,,,,,,pxowg7x7,AOS-Qwen3-8B (GRPO Ensemble),GRPO,aos-qwen3
1568,,,,,,pxowg7x7,AOS-Qwen3-8B (GRPO Ensemble),GRPO,aos-qwen3
1569,,,,,,pxowg7x7,AOS-Qwen3-8B (GRPO Ensemble),GRPO,aos-qwen3
1570,,,,,,pxowg7x7,AOS-Qwen3-8B (GRPO Ensemble),GRPO,aos-qwen3
1571,,,,,,pxowg7x7,AOS-Qwen3-8B (GRPO Ensemble),GRPO,aos-qwen3
1572,,,,,,pxowg7x7,AOS-Qwen3-8B (GRPO Ensemble),GRPO,aos-qwen3
1573,,,,,,pxowg7x7,AOS-Qwen3-8B (GRPO Ensemble),GRPO,aos-qwen3
1574,,,,,,pxowg7x7,AOS-Qwen3-8B (GRPO Ensemble),GRPO,aos-qwen3
1575,,,,,,pxowg7x7,AOS-Qwen3-8B (GRPO Ensemble),GRPO,aos-qwen3
1576,,,,,,pxowg7x7,AOS-Qwen3-8B (GRPO Ensemble),GRPO,aos-qwen3
1577,,,,,,pxowg7x7,AOS-Qwen3-8B (GRPO Ensemble),GRPO,aos-qwen3
1578,,,,,,pxowg7x7,AOS-Qwen3-8B (GRPO Ensemble),GRPO,aos-qwen3
1579,,,,,,pxowg7x7,AOS-Qwen3-8B (GRPO Ensemble),GRPO,aos-qwen3
1580,,,,,,pxowg7x7,AOS-Qwen3-8B (GRPO Ensemble),GRPO,aos-qwen3
1581,,,,,,pxowg7x7,AOS-Qwen3-8B (GRPO Ensemble),GRPO,aos-qwen3
1582,,,,,,pxowg7x7,AOS-Qwen3-8B (GRPO Ensemble),GRPO,aos-qwen3
1583,,,,,,pxowg7x7,AOS-Qwen3-8B (GRPO Ensemble),GRPO,aos-qwen3
1584,,,,,,pxowg7x7,AOS-Qwen3-8B (GRPO Ensemble),GRPO,aos-qwen3
1585,,,,,,pxowg7x7,AOS-Qwen3-8B (GRPO Ensemble),GRPO,aos-qwen3
1586,,,,,,pxowg7x7,AOS-Qwen3-8B (GRPO Ensemble),GRPO,aos-qwen3
1587,,,,,,pxowg7x7,AOS-Qwen3-8B (GRPO Ensemble),GRPO,aos-qwen3
1588,,,,,,pxowg7x7,AOS-Qwen3-8B (GRPO Ensemble),GRPO,aos-qwen3
1589,,,,,,pxowg7x7,AOS-Qwen3-8B (GRPO Ensemble),GRPO,aos-qwen3
1590,,,,,,pxowg7x7,AOS-Qwen3-8B (GRPO Ensemble),GRPO,aos-qwen3
1591,,,,,,pxowg7x7,AOS-Qwen3-8B (GRPO Ensemble),GRPO,aos-qwen3
1592,,,,,,pxowg7x7,AOS-Qwen3-8B (GRPO Ensemble),GRPO,aos-qwen3
1593,,,,,,pxowg7x7,AOS-Qwen3-8B (GRPO Ensemble),GRPO,aos-qwen3
1594,,,,,,pxowg7x7,AOS-Qwen3-8B (GRPO Ensemble),GRPO,aos-qwen3
1595,,,,,,pxowg7x7,AOS-Qwen3-8B (GRPO Ensemble),GRPO,aos-qwen3
1596,,,,,,pxowg7x7,AOS-Qwen3-8B (GRPO Ensemble),GRPO,aos-qwen3
1597,,,,,,pxowg7x7,AOS-Qwen3-8B (GRPO Ensemble),GRPO,aos-qwen3
1598,,,,,,pxowg7x7,AOS-Qwen3-8B (GRPO Ensemble),GRPO,aos-qwen3
1599,,,,,,pxowg7x7,AOS-Qwen3-8B (GRPO Ensemble),GRPO,aos-qwen3
1600,,,,,,pxowg7x7,AOS-Qwen3-8B (GRPO Ensemble),GRPO,aos-qwen3
1601,,,,,,pxowg7x7,AOS-Qwen3-8B (GRPO Ensemble),GRPO,aos-qwen3
1602,,,,,,pxowg7x7,AOS-Qwen3-8B (GRPO Ensemble),GRPO,aos-qwen3
1603,,,,,,pxowg7x7,AOS-Qwen3-8B (GRPO Ensemble),GRPO,aos-qwen3
1604,,,,,,pxowg7x7,AOS-Qwen3-8B (GRPO Ensemble),GRPO,aos-qwen3
1605,,,,,,pxowg7x7,AOS-Qwen3-8B (GRPO Ensemble),GRPO,aos-qwen3
1606,,,,,,pxowg7x7,AOS-Qwen3-8B (GRPO Ensemble),GRPO,aos-qwen3
1607,,,,,,pxowg7x7,AOS-Qwen3-8B (GRPO Ensemble),GRPO,aos-qwen3
1608,,,,,,pxowg7x7,AOS-Qwen3-8B (GRPO Ensemble),GRPO,aos-qwen3
1609,,,,,,pxowg7x7,AOS-Qwen3-8B (GRPO Ensemble),GRPO,aos-qwen3
1610,,,,,,pxowg7x7,AOS-Qwen3-8B (GRPO Ensemble),GRPO,aos-qwen3
1611,,,,,,pxowg7x7,AOS-Qwen3-8B (GRPO Ensemble),GRPO,aos-qwen3
1612,,,,,,pxowg7x7,AOS-Qwen3-8B (GRPO Ensemble),GRPO,aos-qwen3
1613,,,,,,pxowg7x7,AOS-Qwen3-8B (GRPO Ensemble),GRPO,aos-qwen3
1614,,,,,,pxowg7x7,AOS-Qwen3-8B (GRPO Ensemble),GRPO,aos-qwen3
1615,,,,,,pxowg7x7,AOS-Qwen3-8B (GRPO Ensemble),GRPO,aos-qwen3
1616,,,,,,pxowg7x7,AOS-Qwen3-8B (GRPO Ensemble),GRPO,aos-qwen3
1617,,,,,,pxowg7x7,AOS-Qwen3-8B (GRPO Ensemble),GRPO,aos-qwen3
1618,,,,,,pxowg7x7,AOS-Qwen3-8B (GRPO Ensemble),GRPO,aos-qwen3
1619,,,,,,pxowg7x7,AOS-Qwen3-8B (GRPO Ensemble),GRPO,aos-qwen3
1620,,,,,,pxowg7x7,AOS-Qwen3-8B (GRPO Ensemble),GRPO,aos-qwen3
1621,,,,,,pxowg7x7,AOS-Qwen3-8B (GRPO Ensemble),GRPO,aos-qwen3
1622,,,,,,pxowg7x7,AOS-Qwen3-8B (GRPO Ensemble),GRPO,aos-qwen3
1623,,,,,,pxowg7x7,AOS-Qwen3-8B (GRPO Ensemble),GRPO,aos-qwen3
1624,,,,,,pxowg7x7,AOS-Qwen3-8B (GRPO Ensemble),GRPO,aos-qwen3
1625,,,,,,pxowg7x7,AOS-Qwen3-8B (GRPO Ensemble),GRPO,aos-qwen3
1626,,,,,,pxowg7x7,AOS-Qwen3-8B (GRPO Ensemble),GRPO,aos-qwen3
1627,,,,,,pxowg7x7,AOS-Qwen3-8B (GRPO Ensemble),GRPO,aos-qwen3
1628,,,,,,pxowg7x7,AOS-Qwen3-8B (GRPO Ensemble),GRPO,aos-qwen3
1629,,,,,,pxowg7x7,AOS-Qwen3-8B (GRPO Ensemble),GRPO,aos-qwen3
1630,,,,,,pxowg7x7,AOS-Qwen3-8B (GRPO Ensemble),GRPO,aos-qwen3
1631,,,,,,pxowg7x7,AOS-Qwen3-8B (GRPO Ensemble),GRPO,aos-qwen3
1632,0.0066,0.39082503616809844,0.014036052161827683,0.39082503616809844,0.0,pxowg7x7,AOS-Qwen3-8B (GRPO Ensemble),GRPO,aos-qwen3
1633,,,,,,pxowg7x7,AOS-Qwen3-8B (GRPO Ensemble),GRPO,aos-qwen3
1634,,,,,,pxowg7x7,AOS-Qwen3-8B (GRPO Ensemble),GRPO,aos-qwen3
1635,,,,,,pxowg7x7,AOS-Qwen3-8B (GRPO Ensemble),GRPO,aos-qwen3
1636,,,,,,pxowg7x7,AOS-Qwen3-8B (GRPO Ensemble),GRPO,aos-qwen3
1637,,,,,,pxowg7x7,AOS-Qwen3-8B (GRPO Ensemble),GRPO,aos-qwen3
1638,,,,,,pxowg7x7,AOS-Qwen3-8B (GRPO Ensemble),GRPO,aos-qwen3
1639,,,,,,pxowg7x7,AOS-Qwen3-8B (GRPO Ensemble),GRPO,aos-qwen3
1640,,,,,,pxowg7x7,AOS-Qwen3-8B (GRPO Ensemble),GRPO,aos-qwen3
1641,,,,,,pxowg7x7,AOS-Qwen3-8B (GRPO Ensemble),GRPO,aos-qwen3
1642,,,,,,pxowg7x7,AOS-Qwen3-8B (GRPO Ensemble),GRPO,aos-qwen3
1643,,,,,,pxowg7x7,AOS-Qwen3-8B (GRPO Ensemble),GRPO,aos-qwen3
1644,,,,,,pxowg7x7,AOS-Qwen3-8B (GRPO Ensemble),GRPO,aos-qwen3
1645,,,,,,pxowg7x7,AOS-Qwen3-8B (GRPO Ensemble),GRPO,aos-qwen3
1646,,,,,,pxowg7x7,AOS-Qwen3-8B (GRPO Ensemble),GRPO,aos-qwen3
1647,,,,,,pxowg7x7,AOS-Qwen3-8B (GRPO Ensemble),GRPO,aos-qwen3
1648,,,,,,pxowg7x7,AOS-Qwen3-8B (GRPO Ensemble),GRPO,aos-qwen3
1649,,,,,,pxowg7x7,AOS-Qwen3-8B (GRPO Ensemble),GRPO,aos-qwen3
1650,,,,,,pxowg7x7,AOS-Qwen3-8B (GRPO Ensemble),GRPO,aos-qwen3
1651,,,,,,pxowg7x7,AOS-Qwen3-8B (GRPO Ensemble),GRPO,aos-qwen3
1652,,,,,,pxowg7x7,AOS-Qwen3-8B (GRPO Ensemble),GRPO,aos-qwen3
1653,,,,,,pxowg7x7,AOS-Qwen3-8B (GRPO Ensemble),GRPO,aos-qwen3
1654,,,,,,pxowg7x7,AOS-Qwen3-8B (GRPO Ensemble),GRPO,aos-qwen3
1655,,,,,,pxowg7x7,AOS-Qwen3-8B (GRPO Ensemble),GRPO,aos-qwen3
1656,,,,,,pxowg7x7,AOS-Qwen3-8B (GRPO Ensemble),GRPO,aos-qwen3
1657,,,,,,pxowg7x7,AOS-Qwen3-8B (GRPO Ensemble),GRPO,aos-qwen3
1658,,,,,,pxowg7x7,AOS-Qwen3-8B (GRPO Ensemble),GRPO,aos-qwen3
1659,,,,,,pxowg7x7,AOS-Qwen3-8B (GRPO Ensemble),GRPO,aos-qwen3
1660,,,,,,pxowg7x7,AOS-Qwen3-8B (GRPO Ensemble),GRPO,aos-qwen3
1661,,,,,,pxowg7x7,AOS-Qwen3-8B (GRPO Ensemble),GRPO,aos-qwen3
1662,,,,,,pxowg7x7,AOS-Qwen3-8B (GRPO Ensemble),GRPO,aos-qwen3
1663,,,,,,pxowg7x7,AOS-Qwen3-8B (GRPO Ensemble),GRPO,aos-qwen3
1664,,,,,,pxowg7x7,AOS-Qwen3-8B (GRPO Ensemble),GRPO,aos-qwen3
1665,,,,,,pxowg7x7,AOS-Qwen3-8B (GRPO Ensemble),GRPO,aos-qwen3
1666,,,,,,pxowg7x7,AOS-Qwen3-8B (GRPO Ensemble),GRPO,aos-qwen3
1667,,,,,,pxowg7x7,AOS-Qwen3-8B (GRPO Ensemble),GRPO,aos-qwen3
1668,,0.3905400037765503,0.015897541120648385,0.3905400037765503,0.0,pxowg7x7,AOS-Qwen3-8B (GRPO Ensemble),GRPO,aos-qwen3
